1,2021-11-27,514288930
2,2021-09-27,889111713
3,2021-02-16,684096421
4,2021-01-22,222955882
5,2021-04-25,505690135
6,2021-02-22,463938843
7,2021-07-20,222993889
8,2021-04-20,067929393
9,2021-04-22,907909607
10,2021-07-14,890052254
11,2021-11-17,551733042
12,2021-03-02,590084896
13,2021-09-14,907909607
14,2021-02-17,885872328
15,2021-02-25,255479910
16,2021-01-18,890879030
17,2021-06-29,693482304
18,2021-06-02,518791870
19,2021-02-10,340748514
20,2021-03-10,546408971
21,2021-11-19,666422540
22,2021-02-10,475545871
23,2021-10-10,062117800
24,2021-02-11,785893808
25,2021-04-23,251140970
26,2021-06-05,635283464
27,2021-03-19,607597779
28,2021-01-31,697303924
29,2021-06-27,016956927
30,2021-08-03,000344347
31,2021-10-04,818752909
32,2021-01-30,506654193
33,2021-01-22,907427606
34,2021-06-02,755960536
35,2021-04-28,550362602
36,2021-07-21,436320358
37,2021-08-12,277529220
38,2021-12-28,918272457
39,2021-08-24,200990805
40,2021-06-03,452967458
41,2021-11-02,149188377
42,2021-06-20,908685531
43,2021-06-28,634129072
44,2021-02-15,391749662
45,2021-05-05,682825783
46,2021-09-28,990174842
47,2021-06-04,919542540
48,2021-09-14,600876474
49,2021-08-10,071771137
50,2021-02-17,527367925
51,2021-12-18,439734934
52,2021-08-17,899859291
53,2021-03-25,091068880
54,2021-01-05,005768109
55,2021-05-08,366611359
56,2021-09-26,440993264
57,2021-10-15,721040647
58,2021-11-10,116759708
59,2021-02-25,938336653
60,2021-07-17,503759438
61,2021-11-27,081700576
62,2021-10-13,137110971
63,2021-10-04,545100176
64,2021-06-13,245692556
65,2021-09-08,438497523
66,2021-07-16,094610076
67,2021-07-24,620220152
68,2021-01-17,906999353
69,2021-04-13,315332650
70,2021-05-19,750299377
71,2021-03-21,527372735
72,2021-05-21,604909590
73,2021-09-10,771256659
74,2021-04-06,939808171
75,2021-12-16,749399519
76,2021-11-29,385187453
77,2021-02-01,237260755
78,2021-02-19,310396858
79,2021-02-09,678075271
80,2021-09-16,666069257
81,2021-06-05,619485255
82,2021-05-24,725335680
83,2021-04-14,606347425
84,2021-11-18,222855026
85,2021-01-26,183171877
86,2021-05-21,761922637
87,2021-11-29,402710142
88,2021-07-22,559885279
89,2021-11-12,548119772
90,2021-03-26,092427014
91,2021-08-11,783422375
92,2021-04-17,154507202
93,2021-12-11,452399016
94,2021-05-01,152351634
95,2021-03-22,071771137
96,2021-08-17,635521513
97,2021-10-15,486813398
98,2021-11-27,537820327
99,2021-08-13,292610348
100,2021-09-13,702607303
101,2021-03-01,610110983
102,2021-04-05,516658785
103,2021-12-09,362813138
104,2021-06-14,470437038
105,2021-11-02,745363324
106,2021-10-25,877579644
107,2021-11-01,308758462
108,2021-08-22,509576262
109,2021-02-10,706313993
110,2021-10-20,963062962
111,2021-05-09,375643947
112,2021-12-11,003369209
113,2021-06-07,731503882
114,2021-03-18,136126057
115,2021-11-20,740729788
116,2021-08-15,777156934
117,2021-05-12,887204066
118,2021-07-14,583815625
119,2021-01-20,970429907
120,2021-07-01,840251250
121,2021-07-06,236806994
122,2021-07-30,174741296
123,2021-09-19,447459057
124,2021-07-17,898779396
125,2021-11-13,261411570
126,2021-09-18,271201469
127,2021-02-20,945816750
128,2021-10-08,613390329
129,2021-08-04,227571628
130,2021-12-03,435373097
131,2021-03-30,755197783
132,2021-05-16,804319202
133,2021-02-11,754537521
134,2021-03-14,376526724
135,2021-05-24,135137370
136,2021-10-10,126894779
137,2021-06-18,308393653
138,2021-09-13,131075921
139,2021-10-24,944269354
140,2021-01-26,143798301
141,2021-01-03,276754542
142,2021-05-03,463485822
143,2021-09-10,358704959
144,2021-09-07,110851442
145,2021-12-10,998400192
146,2021-04-08,472103926
147,2021-04-23,848509792
148,2021-10-30,106256546
149,2021-02-25,870210570
150,2021-09-14,423794750
151,2021-01-02,405735875
152,2021-11-01,046802699
153,2021-06-21,907427606
154,2021-04-22,411014074
155,2021-05-28,682001098
156,2021-12-15,566983102
157,2021-11-01,440540930
158,2021-09-12,642067388
159,2021-07-25,716011694
160,2021-05-31,563218559
161,2021-01-17,204789201
162,2021-06-19,576798125
163,2021-01-29,504123757
164,2021-10-19,894089527
165,2021-12-02,755160487
166,2021-01-06,351417879
167,2021-03-11,882531778
168,2021-01-31,840755978
169,2021-07-26,139505164
170,2021-01-10,699475428
171,2021-06-16,265619328
172,2021-09-18,111738357
173,2021-04-27,249295788
174,2021-09-17,301659109
175,2021-08-25,745971508
176,2021-08-06,792885296
177,2021-08-02,958140554
178,2021-03-07,773648234
179,2021-10-09,733169114
180,2021-04-18,158128136
181,2021-01-11,944819890
182,2021-12-23,310035337
183,2021-11-06,033663909
184,2021-03-23,209659823
185,2021-11-20,455422954
186,2021-11-21,849276066
187,2021-11-18,404560663
188,2021-08-09,504669281
189,2021-06-01,256610584
190,2021-07-13,128430349
191,2021-12-11,494973505
192,2021-01-23,611348206
193,2021-08-18,530714767
194,2021-09-05,761964343
195,2021-12-07,090398409
196,2021-01-10,723121315
197,2021-01-11,939792162
198,2021-11-22,070765820
199,2021-05-16,135978792
200,2021-10-11,525704954
201,2021-08-30,729236303
202,2021-10-31,375335020
203,2021-05-22,715036826
204,2021-03-02,754260272
205,2021-03-11,896929185
206,2021-09-06,777579452
207,2021-10-11,492482265
208,2021-05-23,884334352
209,2021-05-14,730502383
210,2021-05-31,171118532
211,2021-04-28,463805528
212,2021-07-03,653766311
213,2021-08-15,225560515
214,2021-03-07,284828232
215,2021-11-26,627505283
216,2021-09-11,763449758
217,2021-06-12,465663616
218,2021-06-20,891313711
219,2021-02-27,551733042
220,2021-06-22,954678536
221,2021-07-15,815798406
222,2021-02-11,722465523
223,2021-12-11,609863536
224,2021-10-24,691962173
225,2021-12-01,189091944
226,2021-04-16,126559790
227,2021-10-16,093256696
228,2021-04-22,267506218
229,2021-08-22,341700970
230,2021-03-12,297093176
231,2021-06-14,705921460
232,2021-06-25,480484760
233,2021-02-26,862451917
234,2021-11-27,032232696
235,2021-04-23,231933050
236,2021-04-29,665155481
237,2021-05-24,768456125
238,2021-01-03,018084693
239,2021-03-18,728810534
240,2021-12-01,081356117
241,2021-01-17,488752936
242,2021-01-18,698044158
243,2021-08-15,470160447
244,2021-12-29,958265314
245,2021-09-08,783291417
246,2021-12-10,196253372
247,2021-10-08,387947786
248,2021-11-01,066221240
249,2021-04-05,492344162
250,2021-07-28,004976634
251,2021-02-27,119222070
252,2021-01-16,756306710
253,2021-12-23,525913722
254,2021-08-28,405128464
255,2021-03-20,508487798
256,2021-04-18,749399519
257,2021-11-19,704932720
258,2021-06-03,967310259
259,2021-06-24,818328392
260,2021-07-24,343686953
261,2021-10-24,370314733
262,2021-04-10,038483487
263,2021-04-30,933985118
264,2021-06-25,280295081
265,2021-03-20,335018908
266,2021-09-28,232269519
267,2021-04-10,507340720
268,2021-03-05,526327136
269,2021-03-30,248561242
270,2021-11-13,794037065
271,2021-03-30,558235511
272,2021-12-18,353413949
273,2021-10-21,904250696
274,2021-09-29,217532588
275,2021-08-24,303848124
276,2021-05-09,240443577
277,2021-06-02,049826639
278,2021-10-10,497933299
279,2021-02-24,669580185
280,2021-07-05,863634248
281,2021-07-24,776080414
282,2021-11-04,034808744
283,2021-07-28,316875829
284,2021-03-22,549652189
285,2021-12-15,234009264
286,2021-10-13,126601137
287,2021-01-31,122802191
288,2021-03-03,966858853
289,2021-08-15,075154299
290,2021-10-01,755931359
291,2021-03-05,017540441
292,2021-03-01,722465523
293,2021-04-17,853463633
294,2021-12-06,471216332
295,2021-08-05,026505567
296,2021-01-16,184698106
297,2021-01-02,242297799
298,2021-05-20,481945797
299,2021-12-12,006484483
300,2021-11-17,146999661
301,2021-02-09,017700440
302,2021-03-07,880060288
303,2021-02-01,798710000
304,2021-09-25,784911383
305,2021-02-27,670611308
306,2021-02-09,577923123
307,2021-12-28,612911794
308,2021-07-28,564166957
309,2021-07-04,200017216
310,2021-06-02,216411677
311,2021-08-26,273307124
312,2021-09-27,823862616
313,2021-02-05,682825783
314,2021-06-30,580003730
315,2021-02-18,159868898
316,2021-04-27,176171182
317,2021-08-14,616960193
318,2021-10-31,914055056
319,2021-10-14,666904882
320,2021-11-22,041623832
321,2021-02-25,370951685
322,2021-09-30,738619061
323,2021-09-07,279139039
324,2021-08-09,980859540
325,2021-08-13,797074086
326,2021-01-14,863522852
327,2021-06-12,069644437
328,2021-08-17,049289161
329,2021-04-04,308612363
330,2021-08-01,425530261
331,2021-05-05,659714664
332,2021-03-14,445654065
333,2021-08-06,645905383
334,2021-09-21,818328392
335,2021-08-27,209659823
336,2021-01-20,113363436
337,2021-10-15,098802800
338,2021-06-30,484337615
339,2021-06-05,474683968
340,2021-07-12,474896234
341,2021-03-11,810683448
342,2021-03-09,216919698
343,2021-06-04,851195492
344,2021-11-11,618216824
345,2021-02-23,095579173
346,2021-02-07,797173616
347,2021-12-22,973920584
348,2021-03-07,456232117
349,2021-01-10,633770882
350,2021-10-25,980644614
351,2021-12-27,420153469
352,2021-07-16,848065407
353,2021-07-23,445783037
354,2021-11-21,529283952
355,2021-03-26,388810668
356,2021-03-31,377155476
357,2021-06-06,891062095
358,2021-04-26,646452462
359,2021-06-11,720570944
360,2021-05-04,155540953
361,2021-12-03,636045859
362,2021-09-27,546134076
363,2021-09-09,021002750
364,2021-02-11,055477227
365,2021-12-06,262794346
366,2021-08-27,001004540
367,2021-07-16,842633911
368,2021-04-28,503655797
369,2021-07-18,341709137
370,2021-10-15,887163465
371,2021-02-14,237144108
372,2021-04-01,726055350
373,2021-07-25,975678244
374,2021-05-13,613390329
375,2021-10-20,633724827
376,2021-05-20,263556055
377,2021-03-05,582059275
378,2021-08-14,507967168
379,2021-10-17,842792667
380,2021-12-15,000344347
381,2021-06-08,802260868
382,2021-10-19,607715856
383,2021-02-02,850192051
384,2021-01-23,453503350
385,2021-08-09,906937488
386,2021-03-05,341772599
387,2021-01-29,365630474
388,2021-02-24,592592824
389,2021-03-04,544316914
390,2021-04-17,599863311
391,2021-06-08,806771454
392,2021-07-01,618767218
393,2021-08-11,521531192
394,2021-11-18,472694743
395,2021-04-20,186002668
396,2021-01-03,706002724
397,2021-01-03,679081101
398,2021-10-18,069033634
399,2021-05-12,817312629
400,2021-06-25,105483630
401,2021-04-26,828048187
402,2021-10-11,219606680
403,2021-12-05,620220152
404,2021-08-29,758409050
405,2021-10-03,730270837
406,2021-03-27,520126625
407,2021-12-17,043771472
408,2021-12-09,203422042
409,2021-09-23,583018730
410,2021-07-13,670508369
411,2021-03-26,621930966
412,2021-04-07,255158885
413,2021-01-07,038080862
414,2021-03-04,628063932
415,2021-07-30,341700970
416,2021-11-14,851996150
417,2021-03-30,485893878
418,2021-05-14,377155476
419,2021-11-15,944269354
420,2021-07-26,334885907
421,2021-05-01,231820616
422,2021-01-03,993874611
423,2021-05-29,863101584
424,2021-11-07,654806865
425,2021-12-25,018084693
426,2021-07-23,470437038
427,2021-07-11,948841799
428,2021-08-14,580205479
429,2021-02-02,387947786
430,2021-11-20,854852413
431,2021-06-09,606164368
432,2021-03-19,013964262
433,2021-09-26,329732999
434,2021-06-13,080571567
435,2021-11-17,289808189
436,2021-02-07,614165677
437,2021-10-17,276754542
438,2021-08-14,175561842
439,2021-07-06,583753449
440,2021-02-07,456837543
441,2021-09-25,914675084
442,2021-07-02,544181331
443,2021-12-21,667405131
444,2021-08-02,439648659
445,2021-09-30,635479108
446,2021-01-31,259605157
447,2021-04-12,078996782
448,2021-05-15,624209244
449,2021-09-28,161219293
450,2021-09-12,555527461
451,2021-12-11,645905383
452,2021-02-20,048886906
453,2021-03-04,476750980
454,2021-12-20,881448294
455,2021-05-03,603215490
456,2021-03-30,838766560
457,2021-06-09,763449758
458,2021-01-23,223232128
459,2021-12-15,663761014
460,2021-12-01,832849740
461,2021-03-09,926920855
462,2021-01-22,855434016
463,2021-08-03,757941177
464,2021-12-13,383129072
465,2021-11-23,093908446
466,2021-03-15,682792651
467,2021-11-26,844836430
468,2021-03-23,471876203
469,2021-05-18,212767105
470,2021-09-02,409734417
471,2021-08-03,371723420
472,2021-07-01,666069257
473,2021-04-01,230332062
474,2021-11-02,795400052
475,2021-05-14,457887350
476,2021-04-28,839063343
477,2021-07-08,504166647
478,2021-03-15,644104598
479,2021-04-14,584178461
480,2021-12-20,650807311
481,2021-06-19,418576188
482,2021-12-01,576545744
483,2021-07-10,199335410
484,2021-06-30,785893808
485,2021-07-08,005867253
486,2021-02-01,948550191
487,2021-10-08,451815673
488,2021-01-30,951546023
489,2021-12-26,379466895
490,2021-09-25,896667380
491,2021-05-11,985751147
492,2021-09-01,373452077
493,2021-05-17,290850512
494,2021-11-21,568922206
495,2021-08-27,266120338
496,2021-05-15,406598721
497,2021-05-24,554994903
498,2021-06-07,107526027
499,2021-01-16,838498322
500,2021-06-03,137173953
501,2021-07-30,907752789
502,2021-12-23,159252960
503,2021-08-23,390967698
504,2021-03-16,395691554
505,2021-07-10,559885279
506,2021-11-29,937711904
507,2021-06-01,837978642
508,2021-02-04,467057792
509,2021-01-01,434057629
510,2021-05-17,765902813
511,2021-10-20,915034090
512,2021-01-25,676149478
513,2021-09-03,441360355
514,2021-04-21,774934978
515,2021-08-08,597749289
516,2021-09-29,148154627
517,2021-01-13,330699406
518,2021-11-18,360348631
519,2021-01-27,096635635
520,2021-02-13,023441502
521,2021-08-12,994673736
522,2021-12-01,815108137
523,2021-10-19,945740848
524,2021-07-28,902215758
525,2021-09-09,580205479
526,2021-02-12,943406048
527,2021-06-30,899866531
528,2021-09-09,245230444
529,2021-07-03,867726222
530,2021-03-16,151497652
531,2021-11-20,050384143
532,2021-01-05,686493177
533,2021-08-07,548696605
534,2021-12-11,330645345
535,2021-12-23,257347249
536,2021-06-03,353028538
537,2021-08-21,246238099
538,2021-11-19,479159553
539,2021-07-30,043771472
540,2021-06-30,427885173
541,2021-10-04,259279740
542,2021-05-26,831609618
543,2021-12-12,028672734
544,2021-04-19,651377688
545,2021-07-31,141618655
546,2021-03-19,761135687
547,2021-03-31,029855163
548,2021-12-07,821553319
549,2021-07-29,813045093
550,2021-01-05,579157778
551,2021-07-02,761601674
552,2021-08-19,701031708
553,2021-09-07,705547690
554,2021-02-23,058164430
555,2021-02-25,217048959
556,2021-04-18,116652572
557,2021-04-17,371754275
558,2021-04-24,835552311
559,2021-04-18,299749707
560,2021-12-03,340454855
561,2021-03-04,653052545
562,2021-03-07,999561706
563,2021-03-02,645243030
564,2021-03-24,696153807
565,2021-01-07,636154949
566,2021-04-22,666069257
567,2021-09-15,279761904
568,2021-08-30,378835582
569,2021-01-12,722272013
570,2021-12-30,383575093
571,2021-10-19,253412857
572,2021-04-12,324350051
573,2021-06-09,546134076
574,2021-04-17,864587567
575,2021-10-21,526655905
576,2021-07-19,237260755
577,2021-08-31,097983743
578,2021-06-16,356275331
579,2021-08-06,281790340
580,2021-03-14,750090809
581,2021-05-22,858297283
582,2021-09-15,879135432
583,2021-09-23,058543681
584,2021-09-06,469770957
585,2021-02-09,206596297
586,2021-07-22,821553319
587,2021-09-25,823060251
588,2021-05-13,776657978
589,2021-12-14,868602908
590,2021-02-23,979388671
591,2021-06-25,290804791
592,2021-01-24,468640650
593,2021-08-11,281853391
594,2021-03-24,083654513
595,2021-08-17,289293588
596,2021-12-29,355516322
597,2021-03-06,719922963
598,2021-07-06,728490745
599,2021-06-06,881400809
600,2021-08-22,949509871
601,2021-11-27,937389758
602,2021-01-01,057713496
603,2021-02-24,451156514
604,2021-09-02,725236353
605,2021-08-04,633000050
606,2021-01-01,249295788
607,2021-06-05,199173512
608,2021-03-24,667666370
609,2021-05-30,120065570
610,2021-03-20,595153229
611,2021-07-01,258725691
612,2021-05-07,159252960
613,2021-04-28,061168138
614,2021-06-03,211128622
615,2021-03-15,732957865
616,2021-03-08,250122506
617,2021-12-15,385187453
618,2021-03-09,868250070
619,2021-10-17,453995267
620,2021-01-06,152586659
621,2021-05-15,657849393
622,2021-08-12,037266973
623,2021-08-25,748606654
624,2021-06-30,456837543
625,2021-12-17,395696087
626,2021-10-04,346446362
627,2021-07-24,810662742
628,2021-06-18,392790385
629,2021-03-08,224380564
630,2021-01-12,546408971
631,2021-08-21,657849393
632,2021-09-11,066960393
633,2021-07-05,047362999
634,2021-04-17,606347425
635,2021-07-03,488838473
636,2021-08-25,542312989
637,2021-09-10,053662319
638,2021-06-16,727811850
639,2021-02-11,427452859
640,2021-06-20,379378527
641,2021-04-20,749524071
642,2021-06-12,890879030
643,2021-04-21,302588098
644,2021-05-23,919488132
645,2021-01-07,535738611
646,2021-06-23,718637160
647,2021-05-09,688749483
648,2021-03-03,087317007
649,2021-03-06,209659823
650,2021-05-17,680729558
651,2021-06-23,990907213
652,2021-10-19,242394637
653,2021-07-16,042655811
654,2021-08-30,150280789
655,2021-10-26,028714809
656,2021-02-22,925050422
657,2021-09-18,265965243
658,2021-05-11,939808171
659,2021-09-25,730626698
660,2021-02-19,333405456
661,2021-07-22,495217446
662,2021-06-06,858134627
663,2021-07-23,418434857
664,2021-10-02,462018679
665,2021-04-20,777897458
666,2021-01-15,681518419
667,2021-06-18,842939748
668,2021-02-21,505690135
669,2021-05-22,026505567
670,2021-09-02,920311705
671,2021-09-20,346858013
672,2021-07-03,625985787
673,2021-05-12,800024263
674,2021-05-11,414169512
675,2021-12-01,458239442
676,2021-04-21,260216012
677,2021-07-18,374688445
678,2021-09-19,078462703
679,2021-04-04,334797517
680,2021-03-02,293397809
681,2021-04-09,556483749
682,2021-12-17,823914367
683,2021-06-25,184284480
684,2021-07-28,186459416
685,2021-08-19,304598829
686,2021-04-26,208804005
687,2021-05-27,113597969
688,2021-01-04,006905287
689,2021-04-05,178389101
690,2021-05-10,195737884
691,2021-03-23,230332062
692,2021-04-01,373520902
693,2021-01-31,553665361
694,2021-01-17,834324713
695,2021-08-17,310388395
696,2021-05-01,938284711
697,2021-06-26,547104192
698,2021-07-04,824779234
699,2021-08-01,040250664
700,2021-08-27,686831352
701,2021-05-05,735655444
702,2021-04-17,960626123
703,2021-02-16,487674730
704,2021-04-23,765893219
705,2021-08-13,926815012
706,2021-07-16,589288653
707,2021-12-25,389297905
708,2021-07-24,145337542
709,2021-04-21,963038099
710,2021-05-13,717019613
711,2021-03-24,141311127
712,2021-10-25,427874193
713,2021-08-18,946027234
714,2021-09-02,362172995
715,2021-09-20,427874193
716,2021-08-28,546641747
717,2021-09-30,175561842
718,2021-09-27,295522138
719,2021-05-25,397304164
720,2021-12-15,930061667
721,2021-03-10,545802859
722,2021-11-03,316875829
723,2021-10-03,725846634
724,2021-06-01,571270515
725,2021-05-30,004297411
726,2021-10-18,546606762
727,2021-07-22,761601674
728,2021-01-12,164786888
729,2021-02-26,082211577
730,2021-09-27,842352483
731,2021-09-30,877340065
732,2021-10-13,753871997
733,2021-03-02,469659238
734,2021-06-12,394724443
735,2021-04-15,441041105
736,2021-04-09,071771137
737,2021-06-22,412045655
738,2021-09-19,429956124
739,2021-01-24,004911857
740,2021-08-24,843079405
741,2021-01-14,402345965
742,2021-09-20,168451410
743,2021-09-17,536315313
744,2021-12-04,888484547
745,2021-12-12,489580946
746,2021-11-08,347013579
747,2021-02-15,116387703
748,2021-12-20,589380266
749,2021-05-10,665155481
750,2021-05-27,190272918
751,2021-05-16,069618196
752,2021-11-14,879573903
753,2021-10-17,413325860
754,2021-06-03,667405131
755,2021-04-04,463317280
756,2021-07-17,716907158
757,2021-05-27,370314733
758,2021-12-07,970429907
759,2021-09-24,783422375
760,2021-12-05,663020375
761,2021-01-05,815798406
762,2021-11-24,459005377
763,2021-08-18,755960536
764,2021-03-18,597555095
765,2021-04-27,587790630
766,2021-10-03,915551072
767,2021-06-24,138096743
768,2021-12-02,837378506
769,2021-05-04,178505725
770,2021-03-21,563246016
771,2021-04-09,030306657
772,2021-07-26,823862616
773,2021-06-26,761465782
774,2021-03-05,097950585
775,2021-09-04,270783664
776,2021-07-15,110864537
777,2021-06-30,040250664
778,2021-02-07,484502762
779,2021-02-09,189435695
780,2021-12-19,472383132
781,2021-09-07,846621759
782,2021-12-06,344640601
783,2021-03-13,770345463
784,2021-05-13,072056370
785,2021-11-29,979911987
786,2021-03-04,920800831
787,2021-04-08,348097007
788,2021-12-20,443573946
789,2021-04-01,679889069
790,2021-10-02,327355236
791,2021-06-08,398248893
792,2021-12-27,855702398
793,2021-01-27,042525555
794,2021-07-20,021002750
795,2021-12-03,037552051
796,2021-06-15,422122976
797,2021-03-16,321833363
798,2021-01-14,507822300
799,2021-09-24,631748990
800,2021-01-16,405268821
801,2021-10-24,028616761
802,2021-06-02,952344705
803,2021-01-14,824344417
804,2021-08-08,618767218
805,2021-05-14,185590845
806,2021-05-13,040580696
807,2021-08-20,627569048
808,2021-09-29,621930966
809,2021-09-29,303549385
810,2021-12-13,184316451
811,2021-04-03,900237175
812,2021-10-25,606347425
813,2021-11-16,334223471
814,2021-02-20,771393963
815,2021-05-11,321833363
816,2021-12-29,114521865
817,2021-04-19,728461849
818,2021-03-20,301577565
819,2021-03-15,213976641
820,2021-06-19,996337853
821,2021-07-12,115147258
822,2021-10-11,287966638
823,2021-04-30,253791882
824,2021-09-03,231457934
825,2021-03-20,321833363
826,2021-08-09,304762582
827,2021-09-27,248771539
828,2021-01-02,220548486
829,2021-08-15,646098963
830,2021-07-21,941240422
831,2021-01-08,267948574
832,2021-07-20,091246159
833,2021-01-18,237039334
834,2021-05-06,861120859
835,2021-02-10,144183949
836,2021-03-08,676244333
837,2021-01-20,168202043
838,2021-01-29,924178546
839,2021-06-19,809661042
840,2021-03-25,626614442
841,2021-10-15,199173512
842,2021-04-15,305093981
843,2021-08-14,786982237
844,2021-07-12,867048720
845,2021-04-18,690162096
846,2021-02-04,176306610
847,2021-01-14,497933299
848,2021-06-28,463694772
849,2021-08-01,208804005
850,2021-09-30,435062501
851,2021-08-31,199335410
852,2021-07-25,015981876
853,2021-07-17,316155911
854,2021-10-13,924975097
855,2021-11-20,681748348
856,2021-01-21,122870656
857,2021-01-18,057832786
858,2021-12-06,314746263
859,2021-12-09,302548172
860,2021-07-18,601456199
861,2021-09-22,004169435
862,2021-10-26,397186527
863,2021-11-28,220236193
864,2021-11-15,530682970
865,2021-11-19,784328932
866,2021-09-26,821898418
867,2021-06-07,924178546
868,2021-07-16,301703871
869,2021-06-14,240443577
870,2021-06-27,748646024
871,2021-04-28,785411489
872,2021-01-01,680729558
873,2021-11-28,844636588
874,2021-11-13,249681920
875,2021-08-31,748962472
876,2021-10-07,387405845
877,2021-11-16,948950463
878,2021-07-15,605168023
879,2021-10-03,737382322
880,2021-09-22,334822928
881,2021-03-22,355514977
882,2021-05-10,235157325
883,2021-09-30,007376700
884,2021-06-14,145884259
885,2021-05-27,803545198
886,2021-02-03,029556195
887,2021-12-29,725164640
888,2021-08-31,378153073
889,2021-09-11,456892693
890,2021-04-20,028616761
891,2021-06-23,468640650
892,2021-01-17,330645345
893,2021-11-02,299596828
894,2021-01-17,538864076
895,2021-12-01,081700576
896,2021-10-28,680645794
897,2021-01-07,605780677
898,2021-10-21,362942162
899,2021-03-03,666822183
900,2021-05-31,864044274
901,2021-04-17,787435480
902,2021-11-22,879135432
903,2021-07-01,479573067
904,2021-03-18,247476643
905,2021-03-23,231820616
906,2021-02-08,325468771
907,2021-02-06,634364376
908,2021-11-19,915730504
909,2021-07-16,115490042
910,2021-04-23,011395506
911,2021-02-17,222855026
912,2021-03-10,881280958
913,2021-05-17,916381240
914,2021-02-16,981472167
915,2021-02-01,223174362
916,2021-10-22,790822395
917,2021-02-24,712764979
918,2021-03-10,779144790
919,2021-04-24,589999092
920,2021-12-04,005882006
921,2021-05-11,149752286
922,2021-07-04,365630474
923,2021-09-26,187176548
924,2021-04-01,132198369
925,2021-04-25,266120338
926,2021-03-18,339560372
927,2021-10-15,148159802
928,2021-07-21,828620501
929,2021-02-13,717907773
930,2021-06-06,849276066
931,2021-12-09,256610584
932,2021-08-24,523423617
933,2021-06-03,202033659
934,2021-05-28,998290974
935,2021-02-22,704822253
936,2021-05-07,951400152
937,2021-07-12,300445219
938,2021-02-02,293397809
939,2021-04-23,550724906
940,2021-01-14,006905287
941,2021-07-07,669580185
942,2021-12-07,309818942
943,2021-02-12,938220135
944,2021-11-24,934816897
945,2021-01-09,512906897
946,2021-01-24,858161003
947,2021-06-12,276584017
948,2021-02-22,452577919
949,2021-06-15,529283952
950,2021-07-24,649403168
951,2021-01-16,856171084
952,2021-04-29,213976641
953,2021-03-18,944269354
954,2021-12-16,286368651
955,2021-02-10,795400052
956,2021-11-07,551295561
957,2021-11-21,773467390
958,2021-06-19,475545871
959,2021-02-19,376311729
960,2021-08-17,222855026
961,2021-11-23,796648815
962,2021-03-17,913800881
963,2021-07-14,430552718
964,2021-02-12,872201869
965,2021-10-19,060744987
966,2021-06-18,058164430
967,2021-12-30,100192626
968,2021-10-12,594549893
969,2021-06-08,088687946
970,2021-07-29,886258263
971,2021-12-18,071274163
972,2021-03-05,369084226
973,2021-06-27,679110404
974,2021-02-13,352140783
975,2021-08-14,176063510
976,2021-03-23,350674031
977,2021-09-27,705921460
978,2021-10-30,809661042
979,2021-01-06,733846259
980,2021-12-18,842352483
981,2021-07-20,946027234
982,2021-09-18,059272321
983,2021-10-08,299327385
984,2021-08-02,731499788
985,2021-08-28,817312629
986,2021-02-06,224762241
987,2021-04-17,369084226
988,2021-05-27,430496115
989,2021-01-30,573400133
990,2021-11-04,523802961
991,2021-03-18,722235553
992,2021-06-16,486813398
993,2021-03-07,239749668
994,2021-04-08,511286889
995,2021-11-12,098438409
996,2021-02-12,777742879
997,2021-02-20,546641747
998,2021-03-17,086073352
999,2021-01-05,526743909
1000,2021-12-06,629991426
1001,2021-07-16,338672416
1002,2021-05-18,456016002
1003,2021-01-19,817241220
1004,2021-12-10,348469275
1005,2021-03-07,796774934
1006,2021-05-17,178302746
1007,2021-04-10,861567496
1008,2021-10-29,697405452
1009,2021-07-01,011548148
1010,2021-09-01,663020375
1011,2021-06-04,514481598
1012,2021-01-25,817312629
1013,2021-12-19,473454959
1014,2021-01-25,206596297
1015,2021-06-11,658113555
1016,2021-08-30,789118630
1017,2021-02-11,511286889
1018,2021-12-20,709973408
1019,2021-03-18,926605460
1020,2021-11-30,198052370
1021,2021-09-07,954678536
1022,2021-03-07,656634588
1023,2021-04-09,063059325
1024,2021-08-26,962635582
1025,2021-02-26,754616567
1026,2021-04-28,994651438
1027,2021-12-07,206437941
1028,2021-06-01,993794900
1029,2021-05-21,276824914
1030,2021-10-14,476065047
1031,2021-10-28,408550751
1032,2021-07-17,941564329
1033,2021-08-05,924178546
1034,2021-03-24,929356206
1035,2021-04-09,855334746
1036,2021-05-26,992391378
1037,2021-08-28,231377751
1038,2021-11-08,528659339
1039,2021-09-21,751787189
1040,2021-05-17,698580864
1041,2021-03-14,891164489
1042,2021-02-26,549085488
1043,2021-04-21,018529658
1044,2021-05-13,784244444
1045,2021-02-12,971214598
1046,2021-04-15,572312173
1047,2021-11-07,369990866
1048,2021-06-23,431717328
1049,2021-07-10,659930060
1050,2021-07-12,494091236
1051,2021-12-19,932045970
1052,2021-09-10,767638298
1053,2021-04-04,834780384
1054,2021-10-11,883955063
1055,2021-01-08,267017080
1056,2021-01-18,091022713
1057,2021-11-22,649826236
1058,2021-08-15,506766758
1059,2021-12-20,571292464
1060,2021-04-23,225225711
1061,2021-06-08,202834212
1062,2021-11-07,062735669
1063,2021-04-14,636749667
1064,2021-03-23,369397994
1065,2021-04-04,844281998
1066,2021-03-07,284332216
1067,2021-10-06,169449466
1068,2021-06-14,310148401
1069,2021-07-12,199460954
1070,2021-02-28,844313940
1071,2021-04-21,420560220
1072,2021-07-12,967310259
1073,2021-08-23,425676514
1074,2021-11-20,447412343
1075,2021-10-15,409220197
1076,2021-03-14,302812534
1077,2021-01-30,143798301
1078,2021-05-13,236806994
1079,2021-07-23,768840284
1080,2021-09-14,193234032
1081,2021-08-11,627505283
1082,2021-11-24,940695203
1083,2021-11-27,217493634
1084,2021-02-10,836164132
1085,2021-10-05,185369310
1086,2021-02-20,327085436
1087,2021-06-04,555965947
1088,2021-01-10,769502556
1089,2021-01-13,242793576
1090,2021-06-07,742125064
1091,2021-06-12,515923605
1092,2021-05-10,720177711
1093,2021-04-11,441360355
1094,2021-10-17,676185946
1095,2021-05-09,941564329
1096,2021-01-15,950104188
1097,2021-04-21,028336198
1098,2021-09-27,346575135
1099,2021-08-27,641139799
1100,2021-07-20,546362706
1101,2021-02-18,331063100
1102,2021-03-08,499763522
1103,2021-02-24,764192748
1104,2021-10-13,606164368
1105,2021-03-12,856439420
1106,2021-11-29,917727608
1107,2021-06-29,460967552
1108,2021-10-26,898103983
1109,2021-11-13,649601411
1110,2021-10-03,004378268
1111,2021-02-25,106767545
1112,2021-10-18,366634504
1113,2021-10-25,472631091
1114,2021-11-29,729802509
1115,2021-06-27,883350489
1116,2021-11-30,779023826
1117,2021-05-26,940736246
1118,2021-12-19,553906116
1119,2021-07-09,494788968
1120,2021-03-21,309818942
1121,2021-03-21,709187973
1122,2021-03-13,536339350
1123,2021-04-16,924975097
1124,2021-10-29,796406473
1125,2021-07-28,265619328
1126,2021-06-26,225225711
1127,2021-01-11,430313538
1128,2021-03-19,549085488
1129,2021-03-04,062802437
1130,2021-11-24,589380266
1131,2021-04-24,068091171
1132,2021-07-10,549138245
1133,2021-07-22,917902417
1134,2021-09-10,144707313
1135,2021-02-20,241214932
1136,2021-09-15,847855358
1137,2021-02-01,691962173
1138,2021-04-21,653000968
1139,2021-03-11,185193187
1140,2021-12-05,702732507
1141,2021-08-14,051027195
1142,2021-11-02,289293588
1143,2021-08-13,049640824
1144,2021-03-26,366961990
1145,2021-06-29,362433794
1146,2021-07-08,988280696
1147,2021-12-03,219434222
1148,2021-11-15,314858316
1149,2021-11-10,094518672
1150,2021-05-30,363998129
1151,2021-07-19,816327658
1152,2021-09-16,185422805
1153,2021-11-15,952569328
1154,2021-04-19,989427712
1155,2021-08-19,770647899
1156,2021-08-12,989636188
1157,2021-08-24,201999426
1158,2021-01-18,676898377
1159,2021-09-28,463611182
1160,2021-04-30,891313711
1161,2021-10-12,536046489
1162,2021-02-08,402715520
1163,2021-01-30,987650805
1164,2021-08-19,196337043
1165,2021-08-21,954678536
1166,2021-10-21,596320319
1167,2021-12-06,596516063
1168,2021-07-19,783083781
1169,2021-12-18,416901321
1170,2021-03-06,349029231
1171,2021-05-12,543145444
1172,2021-03-11,908386429
1173,2021-07-18,223999200
1174,2021-01-18,882138572
1175,2021-12-27,015902099
1176,2021-01-04,346858013
1177,2021-11-06,163683060
1178,2021-07-21,964645913
1179,2021-12-18,454238457
1180,2021-02-23,906541959
1181,2021-08-12,552246783
1182,2021-01-15,944603006
1183,2021-09-01,290830504
1184,2021-01-27,827967927
1185,2021-10-06,584178461
1186,2021-10-25,748646024
1187,2021-10-31,731424683
1188,2021-03-31,990573215
1189,2021-06-05,037552051
1190,2021-02-14,016063703
1191,2021-12-20,504440393
1192,2021-01-20,748606654
1193,2021-01-08,719106947
1194,2021-09-01,966841873
1195,2021-10-16,022747597
1196,2021-05-11,846169811
1197,2021-07-04,601075044
1198,2021-08-30,519577407
1199,2021-08-30,622933795
1200,2021-10-10,691842418
1201,2021-10-09,148829038
1202,2021-08-15,002039381
1203,2021-01-02,317741151
1204,2021-09-17,876524701
1205,2021-05-01,944805303
1206,2021-09-13,935972435
1207,2021-04-17,026235955
1208,2021-06-21,735549273
1209,2021-01-24,631040499
1210,2021-05-09,618240559
1211,2021-06-21,994910919
1212,2021-10-16,813540143
1213,2021-09-16,587668201
1214,2021-04-25,084532700
1215,2021-09-02,251630563
1216,2021-07-23,908027278
1217,2021-07-02,719845937
1218,2021-02-01,413441159
1219,2021-08-28,419695261
1220,2021-11-09,387730134
1221,2021-06-07,094518672
1222,2021-06-24,621106606
1223,2021-02-05,686683208
1224,2021-01-19,273859967
1225,2021-10-22,917688474
1226,2021-11-07,844636588
1227,2021-02-09,565402639
1228,2021-01-11,638220337
1229,2021-01-21,386259480
1230,2021-12-18,195852040
1231,2021-08-09,627582487
1232,2021-01-13,944154156
1233,2021-04-09,206631796
1234,2021-04-23,673170610
1235,2021-04-25,583815625
1236,2021-09-24,045306651
1237,2021-01-30,536070936
1238,2021-11-18,388276346
1239,2021-01-23,871189931
1240,2021-12-05,233965498
1241,2021-08-25,838691713
1242,2021-04-16,342936316
1243,2021-04-04,173228631
1244,2021-05-02,465904618
1245,2021-06-25,942607355
1246,2021-02-13,056129083
1247,2021-04-11,002450054
1248,2021-09-19,172133079
1249,2021-11-16,595444658
1250,2021-08-11,828417574
1251,2021-12-04,540581397
1252,2021-10-23,635119726
1253,2021-05-29,247476643
1254,2021-03-04,669897315
1255,2021-05-16,357708518
1256,2021-06-29,656821075
1257,2021-06-07,804319202
1258,2021-01-19,048886906
1259,2021-10-17,207155681
1260,2021-03-10,457576279
1261,2021-08-18,317057636
1262,2021-02-27,926692531
1263,2021-12-06,635027218
1264,2021-11-29,337245906
1265,2021-10-20,426390352
1266,2021-07-07,160886194
1267,2021-09-24,755197783
1268,2021-07-20,876384798
1269,2021-06-27,636774934
1270,2021-07-25,643773286
1271,2021-05-25,851996320
1272,2021-11-13,663496724
1273,2021-10-24,279139039
1274,2021-01-04,793286679
1275,2021-01-08,976962561
1276,2021-07-16,881431185
1277,2021-06-02,114389087
1278,2021-02-13,691281329
1279,2021-01-18,829760865
1280,2021-11-30,552063981
1281,2021-03-27,939603557
1282,2021-02-21,316269594
1283,2021-06-09,279905174
1284,2021-12-10,106518434
1285,2021-02-22,551295561
1286,2021-10-12,037695493
1287,2021-05-05,322010805
1288,2021-03-19,473673314
1289,2021-01-05,740640495
1290,2021-04-16,802538482
1291,2021-01-15,660008126
1292,2021-03-03,617014217
1293,2021-11-29,049576788
1294,2021-02-10,049065588
1295,2021-02-03,032009418
1296,2021-09-03,938220135
1297,2021-12-29,450881560
1298,2021-02-04,918698643
1299,2021-07-03,766276179
1300,2021-10-10,694062165
1301,2021-06-13,427615309
1302,2021-06-26,248846252
1303,2021-09-24,978997870
1304,2021-02-08,318560216
1305,2021-05-10,175273860
1306,2021-11-16,956530096
1307,2021-07-30,269979363
1308,2021-10-23,467530658
1309,2021-02-25,615879315
1310,2021-04-17,539366688
1311,2021-07-10,587350795
1312,2021-01-03,472094769
1313,2021-08-31,301399003
1314,2021-03-31,735464797
1315,2021-02-05,426479699
1316,2021-03-23,712322901
1317,2021-10-12,224412270
1318,2021-07-14,768036811
1319,2021-07-20,308393653
1320,2021-12-06,961864338
1321,2021-05-21,874979288
1322,2021-08-12,558955801
1323,2021-08-26,543839686
1324,2021-07-03,118987608
1325,2021-02-05,904294787
1326,2021-06-07,002606888
1327,2021-04-24,073372881
1328,2021-08-31,332079569
1329,2021-09-08,497208120
1330,2021-06-25,592924667
1331,2021-01-26,544444086
1332,2021-11-19,925615186
1333,2021-08-11,030149763
1334,2021-12-03,426762535
1335,2021-07-04,494237829
1336,2021-08-04,088742710
1337,2021-07-16,053960762
1338,2021-07-18,313524690
1339,2021-04-23,548106894
1340,2021-01-16,909390607
1341,2021-08-03,662540043
1342,2021-04-21,926692531
1343,2021-11-03,594273343
1344,2021-05-02,196093295
1345,2021-04-10,112263168
1346,2021-01-05,059189167
1347,2021-10-05,960013819
1348,2021-02-11,012504488
1349,2021-07-23,481390185
1350,2021-06-18,681277654
1351,2021-01-23,674200429
1352,2021-09-22,846886094
1353,2021-12-11,009330702
1354,2021-04-22,917303716
1355,2021-05-10,309909489
1356,2021-02-28,266388587
1357,2021-05-29,633000050
1358,2021-09-27,261866657
1359,2021-07-15,929603997
1360,2021-02-01,209890460
1361,2021-02-28,045306651
1362,2021-05-29,635119726
1363,2021-07-09,279139039
1364,2021-01-20,530059055
1365,2021-01-17,659877276
1366,2021-05-11,661071683
1367,2021-06-30,678344217
1368,2021-01-26,793890305
1369,2021-07-21,918272457
1370,2021-07-29,219634533
1371,2021-02-18,154065245
1372,2021-10-28,512206862
1373,2021-07-08,159697065
1374,2021-04-11,577470691
1375,2021-05-24,307875681
1376,2021-10-12,426563901
1377,2021-10-19,146702637
1378,2021-05-12,693027353
1379,2021-01-07,491542396
1380,2021-07-22,122802191
1381,2021-06-07,730301710
1382,2021-10-31,664717158
1383,2021-01-07,739790718
1384,2021-07-01,638687161
1385,2021-09-01,066600836
1386,2021-12-11,098388822
1387,2021-06-30,192123311
1388,2021-10-28,240418833
1389,2021-05-24,984072031
1390,2021-04-05,153462347
1391,2021-02-16,604632487
1392,2021-09-03,277144207
1393,2021-03-14,849985363
1394,2021-09-03,550978547
1395,2021-07-09,831887298
1396,2021-11-21,662479308
1397,2021-03-25,346446362
1398,2021-01-29,017329373
1399,2021-02-15,448582782
1400,2021-08-04,662253152
1401,2021-10-01,610812840
1402,2021-12-11,253693403
1403,2021-10-16,080571567
1404,2021-03-11,641546900
1405,2021-03-11,298363877
1406,2021-07-22,462796430
1407,2021-06-06,687168402
1408,2021-06-03,940669663
1409,2021-05-25,476435380
1410,2021-04-11,599182958
1411,2021-08-07,131443888
1412,2021-12-25,349029231
1413,2021-05-16,329541858
1414,2021-09-19,116091266
1415,2021-05-28,329732999
1416,2021-05-13,765541659
1417,2021-12-13,091246159
1418,2021-08-03,132237493
1419,2021-05-22,411887737
1420,2021-10-11,241157517
1421,2021-01-15,821605686
1422,2021-09-16,228743255
1423,2021-04-08,263722956
1424,2021-01-08,978723392
1425,2021-05-27,295346936
1426,2021-12-03,871305750
1427,2021-04-07,678853196
1428,2021-04-17,824570423
1429,2021-07-29,407123159
1430,2021-11-27,436728099
1431,2021-08-01,075064528
1432,2021-07-04,764425925
1433,2021-02-13,011759955
1434,2021-09-10,871549903
1435,2021-06-01,546408971
1436,2021-12-19,271406343
1437,2021-08-11,813543490
1438,2021-01-14,014493128
1439,2021-03-16,374394779
1440,2021-06-17,273859967
1441,2021-09-01,381627622
1442,2021-10-29,596949243
1443,2021-11-17,186459416
1444,2021-05-29,224951985
1445,2021-03-02,474821875
1446,2021-10-22,526052030
1447,2021-07-09,739298894
1448,2021-06-13,431717328
1449,2021-12-03,642704099
1450,2021-07-16,203678626
1451,2021-02-11,431674461
1452,2021-07-17,315006250
1453,2021-09-08,460722008
1454,2021-10-27,166355980
1455,2021-10-02,519206184
1456,2021-06-19,272549084
1457,2021-12-04,120725058
1458,2021-01-06,960700196
1459,2021-10-22,169199302
1460,2021-02-13,178505725
1461,2021-11-03,772734447
1462,2021-06-10,000191803
1463,2021-12-24,256512704
1464,2021-11-26,728515854
1465,2021-04-05,006376273
1466,2021-01-20,408453343
1467,2021-07-15,503088076
1468,2021-10-05,881400809
1469,2021-08-12,454421065
1470,2021-07-21,931354325
1471,2021-05-19,282467361
1472,2021-11-14,193545092
1473,2021-11-11,976255401
1474,2021-12-28,244561409
1475,2021-10-17,323981473
1476,2021-12-09,202183330
1477,2021-06-01,154284464
1478,2021-04-20,898408240
1479,2021-06-28,967310259
1480,2021-06-22,205123366
1481,2021-03-28,919016574
1482,2021-11-03,656377740
1483,2021-02-27,276824914
1484,2021-01-18,841728046
1485,2021-06-28,219502112
1486,2021-01-31,905500177
1487,2021-12-11,824307969
1488,2021-05-23,660978952
1489,2021-07-26,859098005
1490,2021-01-05,186320206
1491,2021-04-17,583464300
1492,2021-05-16,910902702
1493,2021-04-30,750921732
1494,2021-07-23,803570373
1495,2021-09-16,088064582
1496,2021-01-03,610812840
1497,2021-03-14,442073989
1498,2021-12-06,149426693
1499,2021-09-01,304683003
1500,2021-09-19,118987608
1501,2021-05-16,414627976
1502,2021-12-18,366807414
1503,2021-09-15,377737311
1504,2021-05-11,809703903
1505,2021-12-22,938017033
1506,2021-03-17,904312775
1507,2021-02-27,861107960
1508,2021-02-04,782016966
1509,2021-11-04,511967951
1510,2021-10-24,291257354
1511,2021-06-05,120220447
1512,2021-09-04,372646291
1513,2021-09-05,891313711
1514,2021-05-26,235992653
1515,2021-08-15,926605460
1516,2021-10-26,995023493
1517,2021-10-07,768249908
1518,2021-08-19,982129746
1519,2021-12-21,944805303
1520,2021-09-08,531812047
1521,2021-08-03,017193159
1522,2021-03-24,714385997
1523,2021-12-16,266126196
1524,2021-12-01,445654065
1525,2021-04-15,629833841
1526,2021-10-01,264845103
1527,2021-07-01,078859604
1528,2021-05-18,981952692
1529,2021-07-12,757071215
1530,2021-02-09,565460961
1531,2021-05-26,420687011
1532,2021-07-21,422547224
1533,2021-07-01,546632607
1534,2021-01-18,340748514
1535,2021-12-26,098438409
1536,2021-08-23,666210504
1537,2021-05-13,696933726
1538,2021-03-19,150424060
1539,2021-10-31,488122859
1540,2021-12-17,293155514
1541,2021-08-02,175833429
1542,2021-07-28,345842701
1543,2021-03-10,669199909
1544,2021-09-22,918272457
1545,2021-07-02,248761138
1546,2021-04-30,538835020
1547,2021-10-13,647832288
1548,2021-03-24,434970000
1549,2021-10-25,170736981
1550,2021-07-30,624333138
1551,2021-05-07,185231628
1552,2021-05-31,132594962
1553,2021-08-14,683768334
1554,2021-02-23,513152233
1555,2021-02-12,019036366
1556,2021-07-08,157342154
1557,2021-07-01,862929922
1558,2021-10-28,380387725
1559,2021-10-25,412222412
1560,2021-12-21,472757699
1561,2021-11-02,046732487
1562,2021-12-14,451917948
1563,2021-10-06,054146837
1564,2021-07-02,504352623
1565,2021-10-08,237945570
1566,2021-07-05,064327411
1567,2021-08-21,167280913
1568,2021-01-23,856433939
1569,2021-05-17,248627501
1570,2021-04-24,701770287
1571,2021-04-28,673365334
1572,2021-01-28,615324695
1573,2021-01-28,205832075
1574,2021-06-14,457431808
1575,2021-04-14,249037591
1576,2021-03-19,001756573
1577,2021-03-08,966308455
1578,2021-11-02,313890507
1579,2021-03-07,789118630
1580,2021-01-21,739391587
1581,2021-05-01,288661295
1582,2021-03-11,842012262
1583,2021-07-30,237818663
1584,2021-03-30,895820895
1585,2021-02-16,208303276
1586,2021-05-19,517291459
1587,2021-09-16,491542396
1588,2021-10-18,635521513
1589,2021-03-23,788889696
1590,2021-11-05,230837529
1591,2021-05-14,802613782
1592,2021-05-04,519206184
1593,2021-04-16,260473793
1594,2021-02-24,316189440
1595,2021-07-10,828046415
1596,2021-07-30,647832288
1597,2021-12-12,367979099
1598,2021-10-23,245012127
1599,2021-04-24,501643924
1600,2021-08-19,492143795
1601,2021-11-30,835990612
1602,2021-01-14,176697284
1603,2021-03-06,361875080
1604,2021-04-29,520859516
1605,2021-10-22,484264161
1606,2021-02-17,560773258
1607,2021-07-16,465591283
1608,2021-05-17,529175020
1609,2021-05-31,966841873
1610,2021-07-15,525159671
1611,2021-09-15,880409276
1612,2021-10-11,271116223
1613,2021-10-23,745345923
1614,2021-08-19,277143208
1615,2021-03-19,590916526
1616,2021-07-04,380503405
1617,2021-01-07,978896098
1618,2021-11-26,149426693
1619,2021-05-30,630912981
1620,2021-02-07,397839589
1621,2021-08-28,236690415
1622,2021-02-11,714360617
1623,2021-08-19,683278027
1624,2021-02-05,502754532
1625,2021-11-21,495217446
1626,2021-12-27,288939740
1627,2021-04-30,206653482
1628,2021-07-07,809802587
1629,2021-04-17,934279009
1630,2021-12-15,729264459
1631,2021-08-04,564279189
1632,2021-04-06,248548431
1633,2021-10-12,710301295
1634,2021-06-26,276464597
1635,2021-07-30,784954614
1636,2021-07-28,677903051
1637,2021-01-25,498808778
1638,2021-05-12,187903289
1639,2021-12-05,524427594
1640,2021-09-29,637570451
1641,2021-11-10,502751701
1642,2021-08-28,614950896
1643,2021-02-11,755757411
1644,2021-03-25,338054034
1645,2021-06-28,088864631
1646,2021-04-09,081846602
1647,2021-02-16,011250511
1648,2021-07-08,135160402
1649,2021-03-23,178389101
1650,2021-09-04,411595984
1651,2021-02-08,757941177
1652,2021-04-10,630912981
1653,2021-09-23,935930595
1654,2021-06-22,809703903
1655,2021-05-01,654806865
1656,2021-03-11,510816459
1657,2021-04-28,932238968
1658,2021-02-08,018987931
1659,2021-04-07,972545921
1660,2021-03-23,953106215
1661,2021-07-09,753791379
1662,2021-01-06,048071226
1663,2021-01-17,150280789
1664,2021-02-17,329275611
1665,2021-09-24,992896310
1666,2021-07-20,606164368
1667,2021-09-22,233953098
1668,2021-10-01,216070836
1669,2021-09-22,343815831
1670,2021-09-16,895087253
1671,2021-12-20,087608902
1672,2021-02-16,177186040
1673,2021-12-21,412730530
1674,2021-02-13,042384531
1675,2021-12-25,637100552
1676,2021-02-19,021002750
1677,2021-12-09,048071226
1678,2021-11-23,960100012
1679,2021-04-09,682788915
1680,2021-03-13,211607396
1681,2021-09-28,869397887
1682,2021-09-29,054627988
1683,2021-01-30,348145060
1684,2021-11-04,553220245
1685,2021-08-25,759934709
1686,2021-02-09,082296088
1687,2021-03-22,891062095
1688,2021-08-09,893131068
1689,2021-09-02,657767242
1690,2021-06-21,754950996
1691,2021-08-23,297093176
1692,2021-10-17,355514977
1693,2021-12-14,777017132
1694,2021-06-11,875823420
1695,2021-07-09,109559785
1696,2021-11-18,379190597
1697,2021-04-16,139177940
1698,2021-01-18,641514510
1699,2021-01-15,232107815
1700,2021-12-26,702576220
1701,2021-01-17,417435861
1702,2021-04-14,252458012
1703,2021-08-02,829364760
1704,2021-08-15,422854875
1705,2021-05-14,506422409
1706,2021-02-23,053353528
1707,2021-07-12,528766709
1708,2021-12-25,948834196
1709,2021-05-14,910101538
1710,2021-01-01,677399531
1711,2021-02-06,749023696
1712,2021-02-01,171295406
1713,2021-07-01,181118799
1714,2021-12-02,485816749
1715,2021-02-07,279608974
1716,2021-10-17,064327411
1717,2021-01-30,838372417
1718,2021-07-16,941199642
1719,2021-04-02,619712313
1720,2021-12-04,462796430
1721,2021-09-04,362448040
1722,2021-03-30,915044603
1723,2021-03-30,757071215
1724,2021-11-01,351310266
1725,2021-06-04,253924091
1726,2021-05-27,835111003
1727,2021-10-26,653149303
1728,2021-01-14,432568476
1729,2021-09-21,909822164
1730,2021-07-11,002157220
1731,2021-08-29,672887357
1732,2021-12-11,435916524
1733,2021-05-31,308220655
1734,2021-11-24,194226403
1735,2021-05-31,871373994
1736,2021-01-11,156267754
1737,2021-07-30,678188646
1738,2021-04-12,119067465
1739,2021-08-21,781043341
1740,2021-03-01,834324713
1741,2021-05-25,922945279
1742,2021-11-20,228656061
1743,2021-04-06,331849537
1744,2021-04-07,163139087
1745,2021-10-10,853161905
1746,2021-11-04,551565162
1747,2021-08-10,569313630
1748,2021-09-14,639169742
1749,2021-12-01,622550708
1750,2021-01-29,569344453
1751,2021-03-16,131443888
1752,2021-12-17,763391374
1753,2021-10-05,650570486
1754,2021-08-10,112780586
1755,2021-07-31,179654863
1756,2021-02-20,791479435
1757,2021-12-30,436048229
1758,2021-10-19,015981876
1759,2021-03-05,204539561
1760,2021-07-20,059983719
1761,2021-11-10,090005218
1762,2021-06-23,495548780
1763,2021-09-07,925615186
1764,2021-11-17,004201963
1765,2021-12-20,209803827
1766,2021-07-29,727869930
1767,2021-03-04,271256221
1768,2021-10-23,270783664
1769,2021-04-13,903578360
1770,2021-10-13,987320168
1771,2021-03-15,220548486
1772,2021-10-15,713506933
1773,2021-09-24,571365523
1774,2021-03-31,993570154
1775,2021-01-02,762450961
1776,2021-12-07,391218860
1777,2021-10-02,016124153
1778,2021-07-06,659850399
1779,2021-04-18,519785487
1780,2021-03-03,152220604
1781,2021-10-29,687506024
1782,2021-04-10,353973150
1783,2021-11-13,313939657
1784,2021-03-09,434057629
1785,2021-11-18,732559933
1786,2021-10-04,148703582
1787,2021-04-09,180572713
1788,2021-03-17,784263102
1789,2021-07-02,334853198
1790,2021-06-08,353549689
1791,2021-08-19,944193120
1792,2021-07-23,893072413
1793,2021-06-06,318515551
1794,2021-06-09,820137230
1795,2021-03-21,843032407
1796,2021-05-24,845144798
1797,2021-06-15,980128055
1798,2021-12-27,834179886
1799,2021-07-19,456016002
1800,2021-11-30,973272079
1801,2021-06-02,363370999
1802,2021-03-29,085670796
1803,2021-03-05,153614576
1804,2021-10-24,005471213
1805,2021-07-25,765850501
1806,2021-11-23,911342658
1807,2021-04-25,287764575
1808,2021-06-07,348097007
1809,2021-07-11,835851051
1810,2021-11-14,590690346
1811,2021-12-08,889849039
1812,2021-09-15,774105100
1813,2021-03-09,650942731
1814,2021-09-16,558248445
1815,2021-01-13,916940756
1816,2021-08-25,475088282
1817,2021-06-14,276416455
1818,2021-06-28,090005218
1819,2021-03-29,356269965
1820,2021-07-09,719233921
1821,2021-07-23,122510730
1822,2021-07-14,220304988
1823,2021-10-25,729264459
1824,2021-01-14,307801106
1825,2021-11-14,566749864
1826,2021-12-13,096131465
1827,2021-11-13,677870102
1828,2021-10-26,080571567
1829,2021-01-27,274893872
1830,2021-01-20,078417808
1831,2021-06-26,791323114
1832,2021-01-03,573723004
1833,2021-06-11,298700476
1834,2021-05-29,123060838
1835,2021-04-04,305950083
1836,2021-10-08,261046116
1837,2021-06-11,447169183
1838,2021-07-09,149268144
1839,2021-07-14,380726800
1840,2021-11-29,662253152
1841,2021-02-16,910560428
1842,2021-03-28,589062825
1843,2021-03-02,883955063
1844,2021-06-23,682308766
1845,2021-04-07,667666370
1846,2021-04-22,919488132
1847,2021-08-19,829102590
1848,2021-06-15,898872909
1849,2021-04-07,141197659
1850,2021-02-26,739327423
1851,2021-10-05,495988193
1852,2021-11-20,177757883
1853,2021-01-25,747305583
1854,2021-10-08,281173251
1855,2021-07-27,677515619
1856,2021-09-09,348145060
1857,2021-10-09,572090482
1858,2021-04-01,056626968
1859,2021-07-16,861087994
1860,2021-02-08,700105125
1861,2021-01-12,682825783
1862,2021-10-17,062569021
1863,2021-11-28,089438974
1864,2021-03-08,871447659
1865,2021-01-04,390742868
1866,2021-07-11,028601147
1867,2021-04-18,845006345
1868,2021-04-01,907903837
1869,2021-10-05,051311604
1870,2021-09-25,146641460
1871,2021-10-28,605920293
1872,2021-07-26,993709546
1873,2021-11-21,924070365
1874,2021-07-30,116501084
1875,2021-10-27,199335410
1876,2021-10-22,655145499
1877,2021-11-10,083087591
1878,2021-05-03,322369803
1879,2021-11-04,175607476
1880,2021-04-13,302168478
1881,2021-12-03,553252102
1882,2021-06-10,649403168
1883,2021-06-19,046802699
1884,2021-04-29,298363877
1885,2021-11-22,609797927
1886,2021-06-10,576057221
1887,2021-03-19,481336786
1888,2021-10-08,289303547
1889,2021-11-10,220050879
1890,2021-07-26,294499994
1891,2021-07-27,781541824
1892,2021-08-20,454403313
1893,2021-02-02,025164692
1894,2021-06-08,848006094
1895,2021-01-08,568780095
1896,2021-02-24,997718103
1897,2021-04-02,394445509
1898,2021-10-27,078859604
1899,2021-07-08,982451410
1900,2021-03-23,643064227
1901,2021-03-07,509033984
1902,2021-04-03,794565997
1903,2021-03-26,432076751
1904,2021-05-06,659383734
1905,2021-04-29,073431833
1906,2021-09-01,196589409
1907,2021-07-12,377828730
1908,2021-09-22,824344417
1909,2021-05-07,239891190
1910,2021-04-19,910902702
1911,2021-01-31,381598127
1912,2021-09-22,357878153
1913,2021-12-02,906545356
1914,2021-01-12,755226673
1915,2021-07-25,314753396
1916,2021-03-21,829102590
1917,2021-02-15,418791519
1918,2021-03-24,673846724
1919,2021-03-03,827313141
1920,2021-09-01,164786888
1921,2021-03-15,434191813
1922,2021-12-13,074805065
1923,2021-09-25,733871528
1924,2021-02-23,371207716
1925,2021-02-12,349029231
1926,2021-01-07,062096522
1927,2021-12-01,806553875
1928,2021-07-11,155810692
1929,2021-11-21,082952030
1930,2021-07-15,464948460
1931,2021-09-30,088515085
1932,2021-04-24,492186699
1933,2021-12-29,561710153
1934,2021-11-20,054966369
1935,2021-07-03,897726150
1936,2021-11-18,555421154
1937,2021-06-28,997848870
1938,2021-07-30,315821451
1939,2021-08-21,534012312
1940,2021-09-11,969838154
1941,2021-11-20,452137871
1942,2021-12-13,746933862
1943,2021-09-25,808115068
1944,2021-10-23,004782331
1945,2021-08-11,441041105
1946,2021-06-11,174231414
1947,2021-02-22,610860108
1948,2021-10-19,756198700
1949,2021-02-12,847353694
1950,2021-10-06,240331048
1951,2021-06-27,275995018
1952,2021-12-27,514217730
1953,2021-08-26,083018598
1954,2021-01-26,139505164
1955,2021-03-02,628893597
1956,2021-10-25,181030136
1957,2021-02-04,924950531
1958,2021-07-20,376311729
1959,2021-09-03,930061667
1960,2021-11-17,702163816
1961,2021-12-22,656124112
1962,2021-10-02,901918035
1963,2021-11-11,050336511
1964,2021-03-29,729349255
1965,2021-06-27,718688273
1966,2021-06-05,159868898
1967,2021-01-15,554167446
1968,2021-06-06,438943693
1969,2021-03-13,876384798
1970,2021-08-17,733031218
1971,2021-05-06,748119867
1972,2021-02-21,026543506
1973,2021-04-29,149426693
1974,2021-03-04,809661042
1975,2021-08-11,755629930
1976,2021-01-24,338884378
1977,2021-09-08,863163786
1978,2021-06-30,235480301
1979,2021-11-19,473705629
1980,2021-01-30,024757640
1981,2021-06-17,666069257
1982,2021-10-10,012321475
1983,2021-01-31,287027989
1984,2021-04-04,187686770
1985,2021-03-15,538781042
1986,2021-06-28,304695616
1987,2021-08-05,998428531
1988,2021-09-16,569839715
1989,2021-10-28,209158427
1990,2021-09-18,781217548
1991,2021-04-16,733192333
1992,2021-07-08,872069468
1993,2021-05-08,208704538
1994,2021-01-14,097983743
1995,2021-06-18,879406294
1996,2021-08-05,626211425
1997,2021-07-17,744747723
1998,2021-01-05,101253798
1999,2021-08-12,405894794
2000,2021-12-28,939807285
