0,87,2021-09-23,2021-11-27,0
1,83,2021-01-29,2021-09-18,0
2,30,2021-07-03,2021-09-09,1
3,17,2021-10-05,2021-12-01,2
4,26,2021-02-22,2021-05-29,3
5,19,2021-12-26,2021-12-27,4
6,73,2021-11-28,2021-11-28,4
7,40,2021-12-02,2021-12-03,4
8,78,2021-10-26,2021-12-21,5
9,81,2021-03-10,2021-10-20,5
10,49,2021-05-22,2021-07-01,5
11,77,2021-06-25,2021-12-23,6
12,63,2021-04-20,2021-12-23,6
13,57,2021-12-23,2021-12-28,7
14,42,2021-08-10,2021-12-08,7
15,20,2021-10-25,2021-12-11,7
16,72,2021-08-31,2021-10-30,8
17,14,2021-11-11,2021-12-09,8
18,12,2021-11-19,2021-12-11,8
19,24,2021-04-09,2021-12-11,9
20,52,2021-01-28,2021-11-29,9
21,63,2021-03-24,2021-09-27,10
22,90,2021-07-05,2021-07-29,10
23,33,2021-08-15,2021-09-15,10
24,33,2021-09-03,2021-10-28,11
25,72,2021-11-12,2021-12-26,11
26,34,2021-07-31,2021-12-07,12
27,21,2021-07-30,2021-09-30,13
28,36,2021-06-02,2021-06-05,13
29,71,2021-02-08,2021-06-27,14
30,56,2021-12-22,2021-12-28,15
31,88,2021-12-06,2021-12-08,15
32,24,2021-11-23,2021-11-24,16
33,64,2021-04-26,2021-08-31,17
34,19,2021-08-26,2021-11-07,17
35,43,2021-05-25,2021-09-08,17
36,36,2021-07-14,2021-10-30,18
37,53,2021-08-12,2021-12-19,18
38,76,2021-09-23,2021-11-18,18
39,33,2021-07-16,2021-10-15,19
40,57,2021-02-09,2021-10-04,19
41,42,2021-07-06,2021-09-15,19
42,19,2021-07-06,2021-10-24,20
43,87,2021-07-24,2021-09-18,20
44,66,2021-08-15,2021-08-15,21
45,14,2021-06-26,2021-12-28,21
46,86,2021-12-30,2021-12-30,21
47,85,2021-11-26,2021-12-06,22
48,23,2021-08-30,2021-12-13,22
49,10,2021-08-02,2021-11-30,23
50,79,2021-11-09,2021-11-24,23
51,60,2021-01-03,2021-09-28,24
52,43,2021-02-20,2021-12-27,25
53,12,2021-02-22,2021-06-03,25
54,71,2021-07-10,2021-08-19,25
55,33,2021-08-14,2021-10-01,26
56,20,2021-01-09,2021-10-22,26
57,45,2021-01-27,2021-03-03,26
58,55,2021-06-10,2021-11-26,27
59,69,2021-06-30,2021-09-05,27
60,50,2021-02-26,2021-10-15,28
61,53,2021-03-21,2021-04-29,28
62,32,2021-03-12,2021-05-19,29
63,53,2021-04-26,2021-10-08,29
64,56,2021-11-08,2021-11-10,29
65,59,2021-12-20,2021-12-23,30
66,37,2021-02-12,2021-09-03,31
67,35,2021-06-14,2021-12-10,31
68,84,2021-05-03,2021-11-26,31
69,19,2021-03-22,2021-12-25,32
70,85,2021-07-27,2021-12-04,33
71,74,2021-10-04,2021-12-01,33
72,64,2021-05-01,2021-07-22,34
73,69,2021-01-30,2021-02-18,34
74,65,2021-02-15,2021-11-01,34
75,86,2021-08-25,2021-10-18,35
76,44,2021-12-17,2021-12-21,35
77,31,2021-05-12,2021-06-27,36
78,70,2021-10-05,2021-11-20,36
79,40,2021-02-25,2021-02-26,37
80,20,2021-11-28,2021-12-25,37
81,27,2021-10-16,2021-11-06,38
82,46,2021-10-23,2021-12-21,39
83,35,2021-12-09,2021-12-21,40
84,39,2021-06-01,2021-10-07,41
85,35,2021-04-01,2021-11-15,41
86,32,2021-01-20,2021-04-19,41
87,14,2021-05-09,2021-09-27,42
88,30,2021-03-11,2021-06-01,42
89,69,2021-03-28,2021-11-01,42
90,59,2021-07-08,2021-11-22,43
91,69,2021-04-29,2021-08-21,44
92,56,2021-07-15,2021-10-06,45
93,60,2021-03-06,2021-09-11,45
94,50,2021-12-27,2021-12-27,45
95,81,2021-02-02,2021-10-20,46
96,88,2021-12-20,2021-12-26,47
97,59,2021-11-04,2021-11-10,47
98,34,2021-08-12,2021-09-08,47
99,45,2021-10-07,2021-11-13,48
100,51,2021-10-07,2021-10-09,48
101,26,2021-10-27,2021-12-20,48
102,15,2021-06-01,2021-11-25,49
103,23,2021-12-11,2021-12-20,50
104,87,2021-08-11,2021-10-11,50
105,73,2021-01-13,2021-10-09,51
106,67,2021-01-30,2021-09-23,52
107,21,2021-06-15,2021-09-01,52
108,35,2021-08-08,2021-09-25,53
109,75,2021-08-01,2021-12-23,54
110,51,2021-01-11,2021-07-25,54
111,26,2021-07-21,2021-08-02,55
112,48,2021-07-30,2021-11-16,55
113,47,2021-02-14,2021-12-02,56
114,77,2021-01-13,2021-11-19,56
115,42,2021-05-17,2021-08-10,56
116,31,2021-11-23,2021-12-10,57
117,38,2021-12-14,2021-12-17,58
118,47,2021-02-21,2021-06-29,58
119,61,2021-02-14,2021-03-27,58
120,51,2021-12-30,2021-12-30,59
121,87,2021-12-16,2021-12-20,59
122,13,2021-01-10,2021-09-28,59
123,87,2021-05-31,2021-09-19,60
124,24,2021-02-07,2021-07-20,61
125,71,2021-04-21,2021-07-24,62
126,80,2021-08-01,2021-11-23,63
127,70,2021-12-11,2021-12-20,63
128,19,2021-05-29,2021-06-22,63
129,28,2021-10-05,2021-11-13,64
130,90,2021-03-15,2021-04-19,64
131,25,2021-01-31,2021-07-15,64
132,87,2021-03-04,2021-04-28,65
133,67,2021-06-23,2021-12-22,66
134,60,2021-04-28,2021-11-15,67
135,33,2021-09-09,2021-10-06,67
136,27,2021-04-11,2021-06-23,67
137,54,2021-10-13,2021-10-26,68
138,90,2021-11-13,2021-11-25,69
139,73,2021-10-15,2021-10-25,69
140,11,2021-05-20,2021-12-24,69
141,33,2021-04-16,2021-09-15,70
142,49,2021-01-23,2021-08-24,70
143,79,2021-03-20,2021-09-01,71
144,26,2021-02-23,2021-12-13,72
145,81,2021-09-14,2021-10-10,73
146,56,2021-11-28,2021-11-30,73
147,66,2021-11-11,2021-11-15,73
148,19,2021-09-12,2021-12-12,74
149,86,2021-09-21,2021-10-11,74
150,65,2021-05-04,2021-12-01,75
151,42,2021-06-14,2021-09-10,76
152,52,2021-09-08,2021-11-07,76
153,32,2021-06-12,2021-09-08,77
154,73,2021-08-22,2021-09-11,77
155,19,2021-04-15,2021-05-09,77
156,32,2021-08-31,2021-09-06,78
157,72,2021-03-04,2021-12-05,79
158,65,2021-10-25,2021-12-13,80
159,56,2021-07-20,2021-12-17,80
160,34,2021-07-24,2021-11-13,81
161,32,2021-11-27,2021-12-06,82
162,73,2021-09-29,2021-12-13,83
163,20,2021-09-14,2021-12-07,84
164,28,2021-11-08,2021-12-04,85
165,56,2021-02-13,2021-09-20,85
166,16,2021-11-20,2021-12-27,86
167,73,2021-01-25,2021-03-23,86
168,50,2021-04-11,2021-12-18,87
169,36,2021-01-30,2021-02-14,87
170,76,2021-08-27,2021-09-19,88
171,31,2021-11-21,2021-12-13,88
172,61,2021-05-25,2021-11-28,89
173,12,2021-03-03,2021-03-27,90
174,17,2021-12-27,2021-12-28,91
175,79,2021-10-01,2021-10-22,91
176,26,2021-02-03,2021-11-24,92
177,35,2021-12-13,2021-12-18,92
178,58,2021-09-23,2021-10-30,92
179,25,2021-01-17,2021-09-01,93
180,17,2021-03-03,2021-07-26,93
181,82,2021-03-08,2021-03-13,93
182,40,2021-09-17,2021-11-25,94
183,11,2021-08-30,2021-12-10,94
184,52,2021-09-18,2021-09-23,94
185,75,2021-01-31,2021-07-02,95
186,57,2021-11-14,2021-11-28,95
187,56,2021-01-23,2021-04-28,95
188,48,2021-01-23,2021-05-09,96
189,73,2021-03-23,2021-05-21,97
190,17,2021-10-04,2021-11-15,97
191,36,2021-08-31,2021-08-31,98
192,19,2021-04-08,2021-05-26,98
193,56,2021-06-04,2021-07-06,98
194,29,2021-07-11,2021-08-22,99
195,34,2021-11-07,2021-12-22,100
196,77,2021-02-17,2021-06-27,100
197,15,2021-10-27,2021-12-13,101
198,46,2021-09-04,2021-11-28,101
199,57,2021-02-13,2021-09-30,101
200,57,2021-03-23,2021-04-26,102
201,26,2021-06-14,2021-07-06,102
202,71,2021-02-26,2021-11-10,102
203,40,2021-01-03,2021-09-25,103
204,36,2021-01-15,2021-08-22,103
205,73,2021-10-19,2021-10-20,104
206,23,2021-09-11,2021-09-23,104
207,10,2021-11-24,2021-12-29,105
208,57,2021-06-15,2021-07-07,105
209,78,2021-06-09,2021-09-08,106
210,65,2021-09-02,2021-09-18,106
211,57,2021-04-10,2021-09-11,107
212,52,2021-06-20,2021-08-05,107
213,63,2021-01-03,2021-12-19,107
214,62,2021-12-02,2021-12-29,108
215,61,2021-01-29,2021-09-18,108
216,53,2021-05-07,2021-09-04,109
217,35,2021-01-26,2021-07-18,109
218,43,2021-06-30,2021-09-18,110
219,14,2021-05-23,2021-05-26,110
220,65,2021-03-20,2021-10-21,110
221,30,2021-08-21,2021-09-24,111
222,60,2021-07-10,2021-07-14,111
223,44,2021-02-26,2021-02-27,112
224,50,2021-07-19,2021-08-18,112
225,81,2021-04-28,2021-05-27,113
226,37,2021-03-16,2021-04-30,113
227,82,2021-07-29,2021-10-26,114
228,58,2021-02-26,2021-04-01,114
229,48,2021-02-15,2021-10-07,114
230,78,2021-10-20,2021-12-04,115
231,81,2021-02-11,2021-12-30,116
232,83,2021-02-13,2021-03-12,116
233,71,2021-10-13,2021-12-02,117
234,34,2021-07-23,2021-07-26,117
235,12,2021-08-13,2021-10-09,117
236,66,2021-05-27,2021-07-09,118
237,43,2021-05-15,2021-10-31,118
238,12,2021-06-12,2021-12-08,118
239,16,2021-05-15,2021-08-16,119
240,90,2021-08-05,2021-08-10,119
241,33,2021-11-12,2021-12-11,120
242,14,2021-09-11,2021-11-01,121
243,78,2021-12-22,2021-12-27,121
244,35,2021-11-24,2021-12-16,122
245,35,2021-12-08,2021-12-28,123
246,70,2021-08-30,2021-09-30,124
247,73,2021-05-21,2021-11-07,124
248,63,2021-01-15,2021-04-27,124
249,61,2021-03-14,2021-06-29,125
250,72,2021-01-13,2021-06-14,125
251,66,2021-04-23,2021-10-04,125
252,25,2021-04-02,2021-12-04,126
253,27,2021-06-03,2021-09-13,126
254,65,2021-04-07,2021-09-28,127
255,24,2021-06-25,2021-08-25,127
256,28,2021-10-25,2021-12-13,127
257,33,2021-03-17,2021-06-04,128
258,40,2021-02-10,2021-02-20,129
259,81,2021-03-21,2021-08-07,129
260,28,2021-12-08,2021-12-17,129
261,13,2021-11-24,2021-11-28,130
262,12,2021-09-17,2021-11-13,130
263,66,2021-03-27,2021-05-12,130
264,35,2021-12-17,2021-12-29,131
265,66,2021-08-30,2021-09-14,132
266,36,2021-11-23,2021-12-22,133
267,71,2021-07-04,2021-10-09,133
268,89,2021-06-27,2021-10-09,133
269,73,2021-09-30,2021-11-23,134
270,80,2021-07-19,2021-09-14,135
271,57,2021-11-14,2021-12-29,136
272,37,2021-10-16,2021-10-17,137
273,61,2021-07-02,2021-12-26,138
274,17,2021-12-05,2021-12-21,138
275,13,2021-08-25,2021-11-26,139
276,74,2021-01-31,2021-05-14,139
277,60,2021-09-18,2021-10-08,139
278,20,2021-01-14,2021-06-26,140
279,35,2021-04-05,2021-11-22,140
280,34,2021-12-14,2021-12-19,140
281,40,2021-02-08,2021-03-23,141
282,70,2021-07-09,2021-08-29,141
283,76,2021-01-15,2021-07-04,141
284,64,2021-01-13,2021-06-04,142
285,51,2021-01-05,2021-12-21,142
286,76,2021-07-27,2021-09-30,143
287,23,2021-10-20,2021-11-10,143
288,54,2021-09-26,2021-10-18,143
289,53,2021-07-08,2021-07-08,144
290,78,2021-06-28,2021-12-12,145
291,61,2021-11-22,2021-12-12,146
292,59,2021-10-10,2021-12-01,146
293,88,2021-11-30,2021-12-25,146
294,78,2021-12-30,2021-12-30,147
295,38,2021-08-25,2021-12-20,148
296,63,2021-05-03,2021-06-13,148
297,67,2021-03-09,2021-04-15,148
298,84,2021-09-22,2021-12-05,149
299,35,2021-08-08,2021-12-10,149
300,41,2021-06-30,2021-09-13,149
301,69,2021-10-16,2021-12-15,150
302,19,2021-06-22,2021-11-07,150
303,33,2021-11-30,2021-12-16,150
304,47,2021-08-12,2021-10-02,151
305,28,2021-10-28,2021-12-09,151
306,34,2021-12-24,2021-12-26,151
307,63,2021-10-10,2021-10-15,152
308,27,2021-06-24,2021-08-23,152
309,28,2021-04-16,2021-06-27,153
310,44,2021-08-07,2021-08-23,154
311,83,2021-12-24,2021-12-30,154
312,30,2021-05-09,2021-06-01,154
313,38,2021-08-18,2021-09-14,155
314,30,2021-11-07,2021-12-23,155
315,76,2021-12-16,2021-12-23,155
316,20,2021-09-26,2021-11-09,156
317,38,2021-03-17,2021-06-27,156
318,45,2021-04-01,2021-08-05,156
319,90,2021-05-31,2021-10-14,157
320,76,2021-09-27,2021-10-18,158
321,55,2021-06-27,2021-09-17,158
322,25,2021-09-11,2021-10-16,158
323,34,2021-08-11,2021-09-14,159
324,34,2021-04-06,2021-12-28,159
325,80,2021-11-14,2021-12-11,160
326,88,2021-02-07,2021-05-21,161
327,34,2021-01-31,2021-11-20,161
328,75,2021-08-15,2021-12-16,162
329,39,2021-09-21,2021-10-08,162
330,10,2021-08-26,2021-12-03,163
331,82,2021-04-02,2021-06-27,164
332,29,2021-05-27,2021-12-04,164
333,56,2021-10-06,2021-11-29,164
334,54,2021-08-08,2021-08-14,165
335,47,2021-09-06,2021-11-26,165
336,60,2021-01-02,2021-10-06,165
337,86,2021-01-26,2021-10-31,166
338,42,2021-04-02,2021-07-08,166
339,74,2021-07-24,2021-10-27,166
340,10,2021-04-12,2021-10-04,167
341,14,2021-12-13,2021-12-18,167
342,48,2021-05-21,2021-09-08,167
343,12,2021-07-14,2021-07-27,168
344,74,2021-05-17,2021-07-15,168
345,88,2021-10-27,2021-12-04,169
346,89,2021-04-30,2021-08-29,169
347,62,2021-07-23,2021-12-04,170
348,49,2021-09-02,2021-12-06,170
349,63,2021-12-08,2021-12-15,171
350,62,2021-04-07,2021-06-27,171
351,71,2021-03-21,2021-12-21,171
352,16,2021-10-29,2021-12-16,172
353,61,2021-05-08,2021-12-15,173
354,20,2021-07-30,2021-08-01,174
355,35,2021-09-10,2021-09-23,174
356,63,2021-08-23,2021-12-06,175
357,11,2021-09-16,2021-11-16,175
358,49,2021-05-04,2021-09-05,175
359,37,2021-08-04,2021-12-11,176
360,62,2021-02-07,2021-10-23,176
361,45,2021-09-07,2021-09-20,177
362,59,2021-12-18,2021-12-19,177
363,38,2021-12-24,2021-12-27,177
364,81,2021-06-08,2021-07-19,178
365,50,2021-08-12,2021-11-14,178
366,58,2021-11-04,2021-11-15,178
367,74,2021-06-20,2021-10-17,179
368,54,2021-10-06,2021-11-10,179
369,15,2021-11-06,2021-12-09,180
370,42,2021-10-07,2021-12-12,180
371,63,2021-05-26,2021-07-08,180
372,44,2021-11-21,2021-12-30,181
373,37,2021-08-07,2021-12-03,181
374,47,2021-03-06,2021-12-17,182
375,69,2021-10-18,2021-12-16,182
376,71,2021-04-21,2021-05-12,183
377,59,2021-03-27,2021-10-09,183
378,21,2021-12-13,2021-12-13,184
379,54,2021-04-04,2021-11-12,185
380,52,2021-02-14,2021-04-04,185
381,45,2021-05-20,2021-12-11,185
382,34,2021-12-08,2021-12-29,186
383,52,2021-01-27,2021-05-31,186
384,25,2021-07-18,2021-09-03,186
385,37,2021-10-20,2021-11-19,187
386,69,2021-09-24,2021-12-15,187
387,73,2021-04-14,2021-09-19,188
388,33,2021-07-28,2021-11-01,188
389,80,2021-11-30,2021-12-29,188
390,61,2021-05-19,2021-08-19,189
391,57,2021-04-09,2021-06-25,189
392,76,2021-10-08,2021-12-05,189
393,44,2021-06-09,2021-07-28,190
394,90,2021-08-04,2021-10-23,191
395,25,2021-09-27,2021-12-27,191
396,44,2021-05-15,2021-10-05,192
397,29,2021-10-26,2021-11-25,193
398,45,2021-09-16,2021-12-08,193
399,23,2021-07-27,2021-10-06,193
400,52,2021-12-22,2021-12-23,194
401,12,2021-02-26,2021-05-12,194
402,50,2021-12-09,2021-12-28,195
403,77,2021-06-14,2021-12-01,196
404,36,2021-04-21,2021-09-27,196
405,55,2021-08-14,2021-09-30,196
406,68,2021-01-03,2021-07-31,197
407,14,2021-05-19,2021-06-06,198
408,11,2021-02-12,2021-05-10,0
409,30,2021-08-19,2021-09-21,0
410,23,2021-01-07,2021-08-28,0
411,58,2021-07-23,2021-10-20,1
412,52,2021-03-10,2021-04-12,2
413,81,2021-08-08,2021-09-30,2
414,83,2021-12-21,2021-12-25,2
415,83,2021-11-16,2021-12-04,3
416,71,2021-01-20,2021-04-11,3
417,55,2021-01-31,2021-09-17,4
418,49,2021-10-12,2021-12-15,4
419,65,2021-05-07,2021-10-22,4
420,62,2021-04-15,2021-06-15,5
421,82,2021-06-20,2021-10-21,5
422,29,2021-05-02,2021-05-19,5
423,61,2021-06-24,2021-09-13,6
424,38,2021-07-18,2021-09-13,7
425,63,2021-09-08,2021-12-02,7
426,34,2021-11-05,2021-12-27,8
427,71,2021-09-07,2021-09-10,8
428,19,2021-04-07,2021-11-16,9
429,28,2021-08-15,2021-10-31,9
430,80,2021-01-31,2021-02-24,9
431,56,2021-10-09,2021-11-06,10
432,90,2021-10-28,2021-12-20,10
433,66,2021-07-22,2021-11-24,11
434,66,2021-04-15,2021-04-26,12
435,20,2021-12-17,2021-12-25,13
436,37,2021-06-28,2021-12-25,14
437,37,2021-09-26,2021-11-30,15
438,68,2021-05-19,2021-06-28,16
439,64,2021-12-30,2021-12-30,16
440,51,2021-11-21,2021-12-13,17
441,24,2021-03-31,2021-04-20,18
442,34,2021-05-19,2021-12-30,18
443,54,2021-03-06,2021-03-15,18
444,15,2021-04-02,2021-05-25,19
445,19,2021-09-20,2021-12-03,20
446,86,2021-12-12,2021-12-20,20
447,72,2021-08-17,2021-12-27,21
448,27,2021-11-24,2021-11-29,22
449,78,2021-10-06,2021-11-12,22
450,75,2021-06-27,2021-12-21,23
451,71,2021-06-05,2021-10-15,23
452,77,2021-06-08,2021-09-22,23
453,43,2021-01-08,2021-10-04,24
454,44,2021-06-13,2021-06-28,25
455,29,2021-06-15,2021-11-24,26
456,24,2021-09-18,2021-09-25,26
457,89,2021-02-02,2021-09-29,26
458,67,2021-11-01,2021-12-14,27
459,36,2021-02-05,2021-03-09,27
460,37,2021-12-07,2021-12-14,27
461,49,2021-09-03,2021-11-26,28
462,59,2021-08-26,2021-11-05,29
463,67,2021-09-30,2021-10-05,29
464,35,2021-09-04,2021-11-12,29
465,81,2021-10-02,2021-10-24,30
466,51,2021-12-25,2021-12-25,30
467,29,2021-11-15,2021-12-30,31
468,72,2021-03-17,2021-08-15,31
469,75,2021-12-17,2021-12-24,32
470,17,2021-08-30,2021-11-19,33
471,89,2021-03-01,2021-10-22,33
472,14,2021-08-29,2021-08-30,33
473,70,2021-04-21,2021-07-25,34
474,15,2021-09-23,2021-12-01,34
475,17,2021-07-26,2021-08-31,35
476,52,2021-06-24,2021-09-06,35
477,48,2021-05-13,2021-07-16,36
478,31,2021-03-21,2021-11-15,37
479,76,2021-10-15,2021-11-04,38
480,74,2021-05-01,2021-11-05,38
481,69,2021-04-28,2021-08-20,39
482,38,2021-02-15,2021-09-09,40
483,40,2021-12-22,2021-12-30,40
484,50,2021-12-29,2021-12-30,40
485,73,2021-10-27,2021-12-09,41
486,80,2021-10-19,2021-11-09,42
487,66,2021-03-21,2021-08-13,42
488,67,2021-09-19,2021-12-18,43
489,83,2021-06-03,2021-08-13,43
490,63,2021-06-20,2021-10-15,43
491,38,2021-09-03,2021-12-27,44
492,82,2021-02-19,2021-10-13,44
493,24,2021-11-20,2021-12-09,45
494,53,2021-05-11,2021-12-09,46
495,28,2021-01-25,2021-11-09,46
496,17,2021-11-03,2021-11-29,47
497,15,2021-01-01,2021-05-13,47
498,59,2021-12-09,2021-12-26,47
499,85,2021-07-10,2021-11-29,48
500,13,2021-08-05,2021-09-21,49
501,64,2021-01-23,2021-06-17,49
502,69,2021-12-22,2021-12-26,49
503,30,2021-02-27,2021-06-03,50
504,31,2021-09-27,2021-10-29,50
505,57,2021-11-01,2021-12-26,50
506,33,2021-12-01,2021-12-26,51
507,73,2021-08-12,2021-09-12,52
508,70,2021-04-23,2021-04-28,52
509,15,2021-04-20,2021-10-18,53
510,46,2021-01-31,2021-11-27,54
511,70,2021-07-29,2021-10-02,54
512,15,2021-05-19,2021-12-08,55
513,73,2021-12-29,2021-12-29,55
514,37,2021-03-24,2021-07-14,55
515,59,2021-06-29,2021-10-20,56
516,47,2021-06-21,2021-10-01,57
517,54,2021-03-04,2021-10-13,58
518,12,2021-03-22,2021-09-20,59
519,77,2021-08-09,2021-12-02,60
520,16,2021-11-30,2021-12-17,60
521,66,2021-02-23,2021-08-21,61
522,73,2021-09-19,2021-12-10,61
523,11,2021-01-26,2021-07-26,62
524,10,2021-11-14,2021-11-14,63
525,43,2021-08-28,2021-09-20,63
526,37,2021-12-30,2021-12-30,63
527,85,2021-10-11,2021-10-16,64
528,25,2021-01-05,2021-04-10,64
529,39,2021-08-04,2021-10-22,64
530,85,2021-11-11,2021-11-22,65
531,44,2021-04-10,2021-12-27,65
532,73,2021-05-10,2021-06-22,65
533,89,2021-03-08,2021-09-26,66
534,55,2021-05-04,2021-06-15,67
535,28,2021-11-08,2021-12-13,67
536,22,2021-10-12,2021-12-18,68
537,70,2021-06-13,2021-10-14,68
538,13,2021-09-17,2021-12-10,68
539,63,2021-12-21,2021-12-29,69
540,89,2021-08-07,2021-10-08,70
541,66,2021-10-16,2021-10-24,71
542,53,2021-08-16,2021-09-05,72
543,85,2021-06-25,2021-07-03,72
544,78,2021-04-09,2021-05-22,73
545,15,2021-01-10,2021-09-27,73
546,59,2021-11-04,2021-12-16,74
547,64,2021-04-09,2021-10-13,74
548,61,2021-07-27,2021-12-18,75
549,70,2021-09-01,2021-10-27,75
550,58,2021-07-10,2021-12-30,76
551,90,2021-12-08,2021-12-08,77
552,30,2021-07-02,2021-09-22,77
553,32,2021-04-21,2021-10-27,77
554,26,2021-06-09,2021-11-15,78
555,68,2021-09-10,2021-10-02,79
556,84,2021-01-27,2021-09-27,79
557,53,2021-12-06,2021-12-22,79
558,43,2021-01-05,2021-01-31,80
559,26,2021-09-29,2021-10-16,81
560,33,2021-10-25,2021-12-18,82
561,61,2021-06-07,2021-07-14,82
562,86,2021-12-12,2021-12-15,82
563,88,2021-03-08,2021-05-17,83
564,70,2021-02-28,2021-07-13,83
565,44,2021-07-04,2021-12-06,83
566,71,2021-02-14,2021-05-26,84
567,36,2021-06-18,2021-10-24,84
568,27,2021-01-16,2021-12-03,85
569,68,2021-09-04,2021-11-14,85
570,59,2021-05-29,2021-12-12,85
571,67,2021-04-29,2021-09-06,86
572,48,2021-05-23,2021-12-02,86
573,25,2021-07-13,2021-07-13,86
574,55,2021-05-19,2021-08-26,87
575,71,2021-04-23,2021-07-31,88
576,68,2021-12-29,2021-12-29,88
577,35,2021-01-17,2021-04-13,89
578,81,2021-11-10,2021-12-19,89
579,61,2021-04-10,2021-10-25,90
580,82,2021-02-02,2021-02-06,91
581,31,2021-01-28,2021-03-17,91
582,64,2021-11-28,2021-12-16,91
583,54,2021-02-06,2021-02-26,92
584,12,2021-07-29,2021-09-27,93
585,54,2021-07-27,2021-09-05,93
586,73,2021-06-04,2021-07-09,93
587,26,2021-01-02,2021-11-23,94
588,31,2021-11-05,2021-12-13,94
589,48,2021-06-05,2021-11-10,95
590,71,2021-12-23,2021-12-26,95
591,72,2021-02-18,2021-04-16,96
592,83,2021-06-24,2021-07-10,97
593,52,2021-04-02,2021-12-30,97
594,11,2021-01-23,2021-01-30,97
595,79,2021-10-28,2021-12-02,98
596,32,2021-07-06,2021-09-01,99
597,20,2021-05-22,2021-09-14,99
598,83,2021-12-30,2021-12-30,100
599,38,2021-10-20,2021-12-13,101
600,61,2021-03-06,2021-10-09,101
601,17,2021-04-11,2021-06-12,101
602,48,2021-07-18,2021-08-31,102
603,75,2021-03-04,2021-06-07,102
604,45,2021-09-03,2021-11-30,102
605,16,2021-03-17,2021-09-10,103
606,45,2021-10-09,2021-12-14,103
607,14,2021-08-06,2021-08-17,104
608,81,2021-11-18,2021-11-24,104
609,72,2021-04-16,2021-07-13,105
610,53,2021-06-13,2021-11-05,105
611,53,2021-05-06,2021-07-05,106
612,77,2021-12-08,2021-12-19,107
613,27,2021-06-23,2021-08-29,107
614,48,2021-01-10,2021-08-07,108
615,25,2021-07-17,2021-11-20,108
616,28,2021-10-04,2021-10-30,109
617,19,2021-03-04,2021-12-07,109
618,84,2021-12-04,2021-12-18,109
619,50,2021-12-04,2021-12-10,110
620,87,2021-01-09,2021-10-10,111
621,65,2021-06-10,2021-11-12,111
622,60,2021-06-08,2021-09-11,111
623,31,2021-05-24,2021-07-14,112
624,65,2021-11-10,2021-11-13,112
625,24,2021-07-27,2021-11-19,112
626,45,2021-11-22,2021-12-08,113
627,28,2021-02-17,2021-05-09,114
628,38,2021-03-30,2021-08-18,114
629,35,2021-10-22,2021-12-14,115
630,32,2021-10-31,2021-12-08,116
631,21,2021-03-08,2021-08-29,116
632,33,2021-12-05,2021-12-15,116
633,73,2021-02-05,2021-10-19,117
634,51,2021-09-01,2021-09-07,117
635,74,2021-05-31,2021-12-29,117
636,67,2021-04-19,2021-12-05,118
637,84,2021-12-16,2021-12-26,118
638,56,2021-05-06,2021-11-22,119
639,44,2021-06-04,2021-09-14,119
640,43,2021-06-18,2021-12-25,119
641,25,2021-09-13,2021-11-23,120
642,26,2021-11-10,2021-12-27,120
643,28,2021-05-13,2021-11-08,121
644,20,2021-09-02,2021-12-22,121
645,35,2021-12-10,2021-12-14,122
646,55,2021-11-26,2021-12-03,123
647,75,2021-09-24,2021-11-16,123
648,59,2021-04-25,2021-05-23,123
649,37,2021-01-08,2021-05-17,124
650,65,2021-09-20,2021-09-21,124
651,89,2021-03-23,2021-04-10,124
652,20,2021-03-10,2021-06-20,125
653,84,2021-06-11,2021-08-18,125
654,21,2021-08-16,2021-09-30,125
655,25,2021-10-10,2021-12-17,126
656,16,2021-10-23,2021-11-19,127
657,10,2021-09-24,2021-11-15,127
658,36,2021-04-21,2021-09-12,128
659,46,2021-02-02,2021-04-27,129
660,19,2021-05-08,2021-10-03,129
661,77,2021-08-08,2021-12-08,130
662,87,2021-10-16,2021-11-29,131
663,27,2021-02-10,2021-11-17,131
664,39,2021-11-06,2021-11-13,132
665,42,2021-02-22,2021-04-22,133
666,54,2021-06-02,2021-09-28,133
667,42,2021-11-19,2021-12-17,133
668,25,2021-05-20,2021-07-26,134
669,60,2021-02-21,2021-05-21,134
670,74,2021-07-21,2021-08-09,134
671,67,2021-02-23,2021-07-21,135
672,33,2021-10-29,2021-11-10,135
673,76,2021-02-19,2021-08-20,135
674,74,2021-09-25,2021-10-25,136
675,12,2021-04-11,2021-10-02,136
676,10,2021-08-23,2021-09-11,136
677,20,2021-02-28,2021-11-17,137
678,39,2021-02-28,2021-07-16,137
679,36,2021-10-06,2021-12-07,137
680,48,2021-11-07,2021-12-02,138
681,33,2021-03-05,2021-05-01,138
682,36,2021-07-10,2021-12-07,139
683,78,2021-11-09,2021-11-27,140
684,56,2021-05-28,2021-08-16,141
685,26,2021-03-23,2021-10-05,141
686,66,2021-11-26,2021-12-30,142
687,55,2021-11-18,2021-12-14,143
688,16,2021-08-01,2021-11-24,143
689,26,2021-10-07,2021-11-29,143
690,45,2021-12-22,2021-12-29,144
691,45,2021-10-03,2021-11-02,145
692,64,2021-08-20,2021-12-08,145
693,74,2021-04-12,2021-08-15,146
694,33,2021-09-20,2021-10-29,146
695,37,2021-06-26,2021-07-05,146
696,47,2021-03-30,2021-04-06,147
697,81,2021-05-11,2021-10-21,147
698,80,2021-01-31,2021-11-11,147
699,23,2021-10-10,2021-12-10,148
700,42,2021-02-20,2021-08-27,149
701,24,2021-02-13,2021-10-14,149
702,40,2021-04-18,2021-08-07,149
703,55,2021-09-27,2021-10-27,150
704,41,2021-04-25,2021-08-27,150
705,11,2021-03-08,2021-05-29,151
706,86,2021-03-30,2021-04-16,151
707,30,2021-03-31,2021-08-06,152
708,10,2021-02-18,2021-04-17,153
709,83,2021-02-17,2021-08-30,154
710,43,2021-08-28,2021-11-23,155
711,86,2021-02-18,2021-02-22,155
712,52,2021-10-12,2021-11-05,156
713,54,2021-04-30,2021-11-30,156
714,29,2021-01-27,2021-02-23,156
715,82,2021-05-17,2021-10-14,157
716,10,2021-07-23,2021-10-31,158
717,20,2021-06-13,2021-12-17,159
718,64,2021-08-21,2021-10-18,159
719,59,2021-11-26,2021-12-13,160
720,54,2021-05-28,2021-12-09,161
721,60,2021-12-05,2021-12-19,161
722,20,2021-11-03,2021-11-30,162
723,83,2021-06-18,2021-10-13,162
724,76,2021-11-26,2021-12-18,163
725,11,2021-03-29,2021-06-03,164
726,18,2021-06-14,2021-12-06,165
727,89,2021-10-19,2021-12-06,165
728,63,2021-01-02,2021-02-22,166
729,18,2021-06-23,2021-08-03,166
730,19,2021-02-26,2021-06-04,166
731,28,2021-12-04,2021-12-21,167
732,86,2021-09-09,2021-09-22,167
733,48,2021-10-04,2021-10-29,168
734,50,2021-09-01,2021-11-12,168
735,81,2021-10-05,2021-12-18,169
736,34,2021-05-01,2021-07-14,170
737,37,2021-08-18,2021-09-04,171
738,57,2021-06-02,2021-07-20,172
739,31,2021-02-19,2021-07-18,173
740,44,2021-01-10,2021-05-27,173
741,55,2021-01-09,2021-12-15,173
742,57,2021-11-06,2021-11-14,174
743,82,2021-12-17,2021-12-20,174
744,16,2021-01-06,2021-12-17,174
745,34,2021-12-11,2021-12-21,175
746,85,2021-08-30,2021-12-01,176
747,70,2021-12-14,2021-12-22,176
748,43,2021-03-30,2021-10-24,177
749,68,2021-01-29,2021-11-20,177
750,85,2021-07-27,2021-11-27,177
751,49,2021-07-05,2021-08-31,178
752,81,2021-02-18,2021-03-24,179
753,14,2021-12-06,2021-12-27,179
754,31,2021-10-12,2021-11-12,179
755,78,2021-05-14,2021-11-06,180
756,32,2021-09-04,2021-09-30,181
757,47,2021-07-21,2021-07-31,181
758,72,2021-03-21,2021-09-22,181
759,29,2021-12-20,2021-12-23,182
760,85,2021-11-28,2021-12-02,182
761,85,2021-04-10,2021-08-03,183
762,83,2021-10-07,2021-11-19,183
763,61,2021-09-30,2021-10-07,183
764,18,2021-12-26,2021-12-30,184
765,46,2021-08-14,2021-12-22,185
766,31,2021-12-30,2021-12-30,185
767,52,2021-03-26,2021-05-22,185
768,28,2021-08-03,2021-10-25,186
769,43,2021-02-01,2021-09-26,186
770,31,2021-01-20,2021-05-03,186
771,46,2021-09-10,2021-12-19,187
772,82,2021-12-19,2021-12-26,187
773,26,2021-10-07,2021-11-20,187
774,50,2021-07-02,2021-09-14,188
775,49,2021-12-10,2021-12-30,188
776,23,2021-01-11,2021-10-29,188
777,89,2021-10-14,2021-10-20,189
778,60,2021-02-06,2021-09-23,189
779,76,2021-07-07,2021-07-17,190
780,26,2021-06-28,2021-09-13,191
781,82,2021-09-05,2021-11-15,191
782,38,2021-12-08,2021-12-22,191
783,12,2021-01-17,2021-06-23,192
784,80,2021-04-23,2021-07-12,192
785,86,2021-04-04,2021-12-13,193
786,52,2021-10-23,2021-11-28,194
787,10,2021-10-20,2021-11-15,195
788,29,2021-02-11,2021-05-05,195
789,21,2021-11-08,2021-12-15,196
790,51,2021-01-20,2021-07-16,196
791,39,2021-01-15,2021-01-27,196
792,72,2021-10-06,2021-12-07,197
793,10,2021-10-22,2021-12-14,197
794,85,2021-04-11,2021-12-19,197
795,50,2021-11-21,2021-12-21,198
796,81,2021-10-18,2021-11-29,199
797,27,2021-04-19,2021-04-25,199
798,74,2021-03-17,2021-06-09,200
799,33,2021-05-18,2021-07-25,201
800,65,2021-08-14,2021-12-22,201
801,38,2021-01-09,2021-07-30,201
802,52,2021-05-22,2021-08-24,202
803,68,2021-06-04,2021-12-23,203
804,35,2021-02-16,2021-10-18,203
805,42,2021-05-08,2021-10-14,204
806,32,2021-12-18,2021-12-19,205
807,67,2021-09-30,2021-11-16,206
808,20,2021-07-07,2021-10-13,206
809,66,2021-06-11,2021-09-09,207
810,60,2021-02-16,2021-03-09,207
811,61,2021-02-12,2021-12-07,208
812,74,2021-08-16,2021-12-23,208
813,32,2021-03-05,2021-05-09,208
814,71,2021-03-25,2021-10-10,209
815,83,2021-01-14,2021-12-19,210
816,76,2021-09-02,2021-10-10,211
817,54,2021-04-08,2021-12-27,211
818,36,2021-11-26,2021-12-03,212
819,87,2021-11-10,2021-11-30,212
820,87,2021-10-24,2021-12-20,213
821,33,2021-05-04,2021-08-26,214
822,19,2021-12-30,2021-12-30,215
823,28,2021-02-25,2021-05-02,215
824,29,2021-10-23,2021-12-13,215
825,27,2021-01-16,2021-06-12,216
826,22,2021-05-26,2021-06-17,217
827,64,2021-10-05,2021-11-02,218
828,54,2021-07-29,2021-09-11,219
829,43,2021-06-03,2021-10-03,219
830,37,2021-04-09,2021-04-19,220
831,37,2021-10-28,2021-11-27,220
832,31,2021-02-17,2021-05-04,221
833,63,2021-09-10,2021-12-07,221
834,37,2021-09-21,2021-11-13,221
835,58,2021-01-04,2021-09-10,222
836,83,2021-12-01,2021-12-10,223
837,32,2021-07-17,2021-07-30,223
838,60,2021-10-04,2021-11-01,223
839,15,2021-05-23,2021-10-19,224
840,58,2021-09-27,2021-10-05,225
841,20,2021-10-15,2021-12-24,225
842,80,2021-04-01,2021-11-28,225
843,34,2021-11-28,2021-12-29,226
844,79,2021-03-26,2021-07-24,226
845,39,2021-09-12,2021-11-15,226
846,25,2021-06-21,2021-12-14,227
847,54,2021-08-20,2021-12-09,227
848,14,2021-09-27,2021-12-28,227
849,87,2021-11-08,2021-12-08,228
850,78,2021-11-06,2021-12-12,228
851,53,2021-10-29,2021-12-28,229
852,55,2021-03-26,2021-07-07,229
853,59,2021-02-16,2021-12-16,230
854,84,2021-06-13,2021-09-11,230
855,57,2021-03-01,2021-10-09,231
856,55,2021-08-09,2021-12-21,231
857,18,2021-01-14,2021-10-27,231
858,49,2021-04-08,2021-11-01,232
859,88,2021-04-21,2021-04-24,233
860,51,2021-02-16,2021-03-15,234
861,63,2021-02-24,2021-09-14,235
862,89,2021-12-24,2021-12-25,235
863,59,2021-08-06,2021-10-12,236
864,17,2021-07-27,2021-08-09,237
865,37,2021-05-17,2021-11-27,237
866,90,2021-01-12,2021-02-28,237
867,52,2021-07-14,2021-10-27,238
868,31,2021-07-10,2021-11-14,238
869,35,2021-04-21,2021-08-19,238
870,32,2021-12-06,2021-12-25,239
871,10,2021-09-25,2021-11-08,239
872,17,2021-05-23,2021-06-30,240
873,62,2021-02-05,2021-05-22,240
874,41,2021-01-06,2021-05-19,241
875,38,2021-11-04,2021-12-14,241
876,30,2021-07-24,2021-08-25,241
877,33,2021-05-12,2021-06-05,242
878,57,2021-11-27,2021-12-06,242
879,85,2021-04-16,2021-10-02,243
880,82,2021-05-02,2021-11-30,243
881,67,2021-11-23,2021-12-10,244
882,71,2021-08-03,2021-09-14,245
883,90,2021-10-22,2021-10-31,246
884,53,2021-02-28,2021-08-17,246
885,65,2021-08-07,2021-12-22,247
886,56,2021-07-15,2021-12-11,247
887,87,2021-03-20,2021-08-29,248
888,60,2021-10-24,2021-11-17,249
889,59,2021-06-19,2021-12-06,249
890,72,2021-03-08,2021-10-03,249
891,23,2021-01-02,2021-06-04,250
892,82,2021-12-14,2021-12-29,250
893,74,2021-01-28,2021-10-30,251
894,33,2021-12-22,2021-12-29,252
895,48,2021-07-04,2021-08-04,253
896,14,2021-02-20,2021-03-19,254
897,48,2021-03-07,2021-08-01,254
898,71,2021-06-29,2021-10-09,254
899,28,2021-06-24,2021-11-28,255
900,68,2021-04-20,2021-07-09,255
901,87,2021-08-21,2021-10-08,256
902,18,2021-05-17,2021-11-25,256
903,37,2021-10-04,2021-11-25,256
904,72,2021-08-02,2021-12-23,257
905,83,2021-01-20,2021-07-12,257
906,46,2021-02-03,2021-06-13,258
907,78,2021-01-31,2021-09-25,259
908,29,2021-12-24,2021-12-25,259
909,82,2021-09-01,2021-11-16,259
910,36,2021-05-07,2021-09-06,260
911,63,2021-08-04,2021-11-29,260
912,43,2021-07-06,2021-10-29,261
913,84,2021-01-30,2021-07-09,261
914,90,2021-08-19,2021-12-14,261
915,83,2021-10-29,2021-12-26,262
916,40,2021-08-09,2021-09-23,262
917,54,2021-04-01,2021-11-12,263
918,50,2021-06-12,2021-09-20,263
919,36,2021-12-16,2021-12-23,264
920,55,2021-09-13,2021-09-29,264
921,41,2021-03-20,2021-07-21,264
922,49,2021-01-08,2021-03-25,265
923,80,2021-07-01,2021-07-02,266
924,83,2021-09-12,2021-10-10,266
925,40,2021-02-14,2021-12-23,266
926,24,2021-11-02,2021-11-24,267
927,36,2021-05-26,2021-07-09,267
928,64,2021-01-06,2021-04-06,267
929,54,2021-06-20,2021-10-05,268
930,51,2021-04-17,2021-11-29,268
931,72,2021-12-26,2021-12-30,269
932,66,2021-06-07,2021-12-28,270
933,58,2021-12-08,2021-12-11,271
934,43,2021-04-22,2021-07-31,271
935,29,2021-06-29,2021-08-22,272
936,86,2021-05-18,2021-09-11,273
937,55,2021-08-16,2021-08-28,273
938,34,2021-04-16,2021-11-21,273
939,11,2021-02-15,2021-07-29,274
940,62,2021-12-01,2021-12-18,274
941,57,2021-03-09,2021-09-10,275
942,88,2021-02-05,2021-07-31,275
943,87,2021-10-17,2021-12-23,275
944,35,2021-01-24,2021-08-02,276
945,70,2021-10-21,2021-10-22,276
946,77,2021-02-16,2021-03-01,277
947,75,2021-02-22,2021-11-06,278
948,87,2021-04-16,2021-05-17,279
949,18,2021-10-16,2021-10-29,280
950,74,2021-08-04,2021-12-23,280
951,38,2021-05-08,2021-07-13,280
952,74,2021-03-01,2021-12-05,281
953,75,2021-02-06,2021-03-14,281
954,25,2021-12-14,2021-12-23,281
955,17,2021-11-20,2021-11-25,282
956,69,2021-07-18,2021-11-03,282
957,26,2021-09-27,2021-12-22,282
958,55,2021-10-21,2021-12-13,283
959,17,2021-03-16,2021-12-26,284
960,86,2021-04-20,2021-04-24,284
961,77,2021-07-03,2021-11-13,284
962,12,2021-09-09,2021-09-15,285
963,85,2021-04-07,2021-05-16,286
964,16,2021-07-23,2021-08-05,287
965,27,2021-02-14,2021-06-18,287
966,23,2021-12-02,2021-12-14,288
967,11,2021-06-28,2021-10-23,288
968,60,2021-12-24,2021-12-24,288
969,77,2021-10-01,2021-10-27,289
970,89,2021-03-25,2021-12-06,289
971,82,2021-08-28,2021-09-10,290
972,55,2021-02-16,2021-04-28,290
973,67,2021-08-15,2021-12-23,291
974,33,2021-08-30,2021-10-22,291
975,21,2021-05-03,2021-09-24,292
976,58,2021-07-17,2021-10-04,292
977,46,2021-05-19,2021-07-02,293
978,72,2021-05-23,2021-09-11,294
979,33,2021-02-22,2021-07-09,294
980,48,2021-10-02,2021-11-02,294
981,51,2021-03-09,2021-07-06,295
982,88,2021-02-21,2021-09-14,296
983,28,2021-08-23,2021-09-19,297
984,61,2021-02-05,2021-06-19,297
985,63,2021-03-21,2021-10-08,297
986,38,2021-01-25,2021-06-21,298
987,38,2021-01-05,2021-03-03,298
988,59,2021-03-21,2021-08-09,299
989,25,2021-09-20,2021-11-23,300
990,66,2021-11-24,2021-12-21,301
991,73,2021-12-12,2021-12-13,301
992,84,2021-09-12,2021-11-11,301
993,54,2021-11-30,2021-12-03,302
994,71,2021-01-23,2021-08-19,302
995,56,2021-02-22,2021-02-26,302
996,82,2021-11-12,2021-12-07,303
997,56,2021-04-20,2021-05-16,303
998,78,2021-09-10,2021-11-22,304
999,69,2021-05-13,2021-10-06,305
1000,45,2021-02-15,2021-10-11,305
1001,78,2021-03-03,2021-05-25,305
1002,24,2021-12-14,2021-12-23,306
1003,89,2021-04-11,2021-12-24,306
1004,22,2021-01-23,2021-07-08,307
1005,41,2021-06-30,2021-12-18,307
1006,28,2021-05-07,2021-09-09,307
1007,80,2021-04-13,2021-11-14,308
1008,80,2021-01-05,2021-11-22,308
1009,50,2021-12-07,2021-12-08,308
1010,10,2021-11-27,2021-12-03,309
1011,38,2021-01-20,2021-02-26,310
1012,84,2021-11-20,2021-12-14,311
1013,17,2021-07-15,2021-12-01,311
1014,55,2021-12-27,2021-12-28,311
1015,66,2021-10-01,2021-11-23,312
1016,69,2021-09-27,2021-09-30,312
1017,78,2021-03-24,2021-07-10,313
1018,61,2021-06-11,2021-11-03,313
1019,86,2021-02-07,2021-03-21,313
1020,55,2021-01-28,2021-06-16,314
1021,71,2021-05-22,2021-08-03,315
1022,70,2021-05-31,2021-09-07,315
1023,89,2021-05-14,2021-11-23,316
1024,43,2021-08-12,2021-11-23,316
1025,34,2021-03-26,2021-08-13,317
1026,70,2021-02-25,2021-06-20,317
1027,90,2021-11-08,2021-11-18,317
1028,21,2021-08-31,2021-11-16,318
1029,57,2021-05-16,2021-11-22,318
1030,11,2021-12-10,2021-12-25,319
1031,87,2021-06-01,2021-09-14,319
1032,66,2021-05-23,2021-12-12,319
1033,63,2021-01-09,2021-05-07,320
1034,26,2021-11-19,2021-12-17,320
1035,46,2021-02-15,2021-06-28,320
1036,37,2021-02-19,2021-08-17,321
1037,34,2021-01-26,2021-04-13,321
1038,59,2021-07-23,2021-12-11,321
1039,83,2021-10-07,2021-11-03,322
1040,31,2021-07-09,2021-08-14,323
1041,29,2021-10-14,2021-12-04,323
1042,46,2021-03-31,2021-04-09,324
1043,47,2021-12-24,2021-12-25,325
1044,81,2021-02-07,2021-09-02,325
1045,12,2021-09-19,2021-09-19,326
1046,71,2021-06-09,2021-08-15,327
1047,61,2021-02-19,2021-12-02,328
1048,25,2021-12-07,2021-12-18,328
1049,47,2021-02-22,2021-12-14,329
1050,17,2021-04-06,2021-04-14,330
1051,37,2021-01-24,2021-02-13,330
1052,89,2021-07-26,2021-10-10,330
1053,43,2021-02-19,2021-12-18,331
1054,15,2021-04-08,2021-04-14,331
1055,40,2021-12-20,2021-12-25,332
1056,90,2021-04-15,2021-05-22,333
1057,28,2021-09-22,2021-12-09,333
1058,42,2021-01-14,2021-04-22,334
1059,84,2021-05-14,2021-05-20,335
1060,76,2021-10-18,2021-12-04,335
1061,44,2021-06-11,2021-06-22,335
1062,62,2021-03-25,2021-12-14,336
1063,52,2021-01-10,2021-12-07,337
1064,82,2021-04-16,2021-07-18,337
1065,77,2021-10-05,2021-11-15,337
1066,19,2021-09-29,2021-11-28,338
1067,82,2021-05-13,2021-09-29,338
1068,58,2021-02-01,2021-08-14,339
1069,84,2021-09-21,2021-11-24,339
1070,31,2021-07-06,2021-10-29,340
1071,41,2021-09-17,2021-10-20,340
1072,68,2021-09-03,2021-09-06,340
1073,14,2021-01-01,2021-07-21,341
1074,74,2021-07-26,2021-11-05,341
1075,76,2021-09-29,2021-11-20,342
1076,13,2021-05-15,2021-11-27,342
1077,87,2021-07-12,2021-09-16,342
1078,74,2021-04-22,2021-12-24,343
1079,42,2021-04-04,2021-12-02,344
1080,82,2021-02-21,2021-03-29,344
1081,56,2021-02-22,2021-07-03,345
1082,86,2021-11-19,2021-12-15,346
1083,85,2021-11-08,2021-12-16,346
1084,34,2021-11-06,2021-11-16,347
1085,88,2021-06-09,2021-11-09,348
1086,25,2021-03-04,2021-11-08,348
1087,81,2021-07-30,2021-08-25,349
1088,80,2021-06-30,2021-11-29,349
1089,77,2021-07-28,2021-09-19,350
1090,30,2021-07-04,2021-07-08,350
1091,46,2021-11-12,2021-12-27,350
1092,18,2021-08-24,2021-11-12,351
1093,59,2021-10-29,2021-11-20,352
1094,71,2021-11-19,2021-12-16,353
1095,10,2021-02-24,2021-10-14,354
1096,29,2021-05-22,2021-12-10,355
1097,52,2021-11-12,2021-11-25,356
1098,67,2021-06-06,2021-12-25,356
1099,40,2021-04-05,2021-07-09,357
1100,85,2021-12-05,2021-12-29,357
1101,28,2021-08-25,2021-10-13,358
1102,27,2021-10-30,2021-12-30,359
1103,40,2021-10-12,2021-11-26,359
1104,82,2021-08-29,2021-09-29,359
1105,65,2021-12-06,2021-12-29,360
1106,26,2021-09-15,2021-12-05,361
1107,72,2021-08-13,2021-12-06,362
1108,20,2021-10-19,2021-12-27,362
1109,72,2021-05-26,2021-06-14,362
1110,66,2021-10-22,2021-10-31,363
1111,36,2021-10-18,2021-10-29,364
1112,84,2021-09-06,2021-11-24,364
1113,46,2021-10-13,2021-11-15,365
1114,73,2021-03-19,2021-07-02,365
1115,24,2021-05-12,2021-11-17,365
1116,21,2021-03-25,2021-11-25,366
1117,44,2021-09-15,2021-12-11,367
1118,85,2021-08-06,2021-08-13,367
1119,27,2021-01-16,2021-08-09,367
1120,68,2021-02-26,2021-12-01,368
1121,50,2021-01-16,2021-03-28,368
1122,50,2021-12-18,2021-12-21,369
1123,44,2021-02-01,2021-12-19,369
1124,55,2021-04-25,2021-09-18,370
1125,48,2021-04-17,2021-05-27,370
1126,70,2021-04-26,2021-05-19,370
1127,67,2021-09-12,2021-09-27,371
1128,15,2021-08-29,2021-12-27,371
1129,36,2021-08-15,2021-11-09,371
1130,87,2021-08-30,2021-09-05,372
1131,68,2021-04-29,2021-10-29,372
1132,26,2021-07-01,2021-12-03,373
1133,37,2021-07-04,2021-11-12,373
1134,52,2021-12-21,2021-12-30,374
1135,58,2021-09-19,2021-12-12,375
1136,53,2021-12-04,2021-12-22,375
1137,36,2021-12-04,2021-12-14,375
1138,28,2021-05-28,2021-08-11,376
1139,74,2021-12-25,2021-12-25,376
1140,50,2021-07-23,2021-12-09,376
1141,24,2021-09-05,2021-10-02,377
1142,60,2021-03-24,2021-03-31,378
1143,35,2021-11-09,2021-11-27,379
1144,35,2021-12-14,2021-12-26,379
1145,78,2021-09-08,2021-12-24,380
1146,17,2021-09-02,2021-11-16,380
1147,34,2021-03-21,2021-11-08,380
1148,83,2021-08-01,2021-09-05,381
1149,44,2021-08-21,2021-10-31,381
1150,56,2021-05-05,2021-07-16,382
1151,80,2021-07-04,2021-12-06,383
1152,81,2021-07-25,2021-11-30,383
1153,85,2021-09-26,2021-11-04,384
1154,13,2021-03-08,2021-07-29,384
1155,17,2021-08-16,2021-09-21,385
1156,17,2021-02-11,2021-07-18,386
1157,34,2021-06-18,2021-09-19,387
1158,90,2021-02-04,2021-07-31,388
1159,18,2021-07-09,2021-09-28,388
1160,39,2021-09-03,2021-09-14,388
1161,41,2021-11-29,2021-12-27,389
1162,41,2021-09-15,2021-10-17,389
1163,85,2021-03-04,2021-05-28,390
1164,70,2021-02-01,2021-02-19,390
1165,81,2021-12-07,2021-12-26,391
1166,70,2021-02-13,2021-09-13,392
1167,10,2021-08-24,2021-10-30,393
1168,45,2021-12-11,2021-12-12,393
1169,75,2021-02-26,2021-05-19,394
1170,48,2021-06-29,2021-10-30,394
1171,40,2021-01-25,2021-11-28,395
1172,20,2021-03-04,2021-10-10,396
1173,32,2021-09-25,2021-10-03,397
1174,70,2021-03-27,2021-09-21,397
1175,24,2021-12-06,2021-12-14,397
1176,79,2021-11-10,2021-11-30,398
1177,85,2021-07-06,2021-08-14,398
1178,36,2021-08-13,2021-09-09,399
1179,55,2021-05-15,2021-07-14,399
1180,16,2021-08-26,2021-10-06,400
1181,45,2021-08-23,2021-10-26,400
1182,52,2021-05-06,2021-05-21,400
1183,28,2021-10-23,2021-10-31,401
1184,75,2021-06-16,2021-08-18,401
1185,38,2021-06-25,2021-11-07,401
1186,79,2021-08-04,2021-12-28,402
1187,81,2021-03-21,2021-05-23,402
1188,12,2021-09-26,2021-11-24,403
1189,58,2021-03-07,2021-12-22,404
1190,14,2021-06-29,2021-08-10,405
1191,40,2021-05-08,2021-09-30,405
1192,32,2021-08-01,2021-12-12,406
1193,47,2021-05-22,2021-05-29,407
1194,65,2021-05-11,2021-06-11,407
1195,22,2021-06-30,2021-11-09,407
1196,35,2021-03-21,2021-12-28,408
1197,85,2021-04-11,2021-09-02,408
1198,22,2021-12-07,2021-12-19,409
1199,81,2021-11-12,2021-12-20,410
1200,81,2021-02-27,2021-10-22,411
1201,51,2021-07-25,2021-09-27,411
1202,10,2021-01-28,2021-04-18,411
1203,28,2021-08-03,2021-12-19,412
1204,36,2021-06-10,2021-12-19,412
1205,28,2021-10-03,2021-12-18,413
1206,56,2021-11-23,2021-12-13,413
1207,38,2021-11-03,2021-11-30,413
1208,48,2021-01-28,2021-08-27,414
1209,21,2021-04-15,2021-08-22,414
1210,46,2021-06-01,2021-08-31,415
1211,32,2021-12-22,2021-12-28,416
1212,84,2021-12-17,2021-12-24,417
1213,75,2021-08-30,2021-10-26,418
1214,79,2021-10-22,2021-12-21,418
1215,82,2021-07-24,2021-09-10,418
1216,51,2021-01-01,2021-06-01,419
1217,43,2021-09-10,2021-11-03,420
1218,88,2021-04-24,2021-06-28,420
1219,47,2021-01-13,2021-04-09,420
1220,81,2021-12-30,2021-12-30,421
1221,20,2021-10-17,2021-12-30,422
1222,78,2021-02-16,2021-11-03,422
1223,37,2021-05-30,2021-10-20,423
1224,16,2021-09-13,2021-10-07,423
1225,24,2021-06-20,2021-12-09,423
1226,25,2021-03-03,2021-09-06,424
1227,58,2021-12-08,2021-12-19,424
1228,89,2021-01-02,2021-03-21,425
1229,46,2021-05-25,2021-08-08,425
1230,43,2021-06-22,2021-08-20,426
1231,77,2021-01-22,2021-12-06,426
1232,41,2021-04-26,2021-05-30,426
1233,24,2021-10-20,2021-11-14,427
1234,72,2021-04-04,2021-04-13,428
1235,29,2021-08-08,2021-08-24,428
1236,79,2021-05-05,2021-09-08,429
1237,79,2021-03-13,2021-05-27,429
1238,47,2021-02-24,2021-10-23,430
1239,32,2021-09-16,2021-11-27,430
1240,68,2021-08-24,2021-12-19,430
1241,38,2021-06-28,2021-08-01,431
1242,29,2021-11-01,2021-12-26,431
1243,26,2021-04-07,2021-08-17,431
1244,79,2021-07-25,2021-09-17,432
1245,56,2021-03-03,2021-06-12,433
1246,43,2021-09-01,2021-11-20,433
1247,57,2021-02-04,2021-09-01,433
1248,75,2021-08-20,2021-11-01,434
1249,22,2021-07-08,2021-09-12,435
1250,35,2021-03-05,2021-10-13,435
1251,79,2021-01-12,2021-08-01,436
1252,12,2021-09-06,2021-11-19,436
1253,59,2021-03-20,2021-10-12,436
1254,63,2021-07-05,2021-09-12,437
1255,31,2021-11-27,2021-12-10,437
1256,77,2021-12-17,2021-12-26,437
1257,89,2021-02-07,2021-10-14,438
1258,56,2021-12-06,2021-12-13,439
1259,26,2021-10-03,2021-10-09,439
1260,49,2021-10-27,2021-11-25,439
1261,83,2021-03-16,2021-08-18,440
1262,18,2021-07-10,2021-08-25,441
1263,18,2021-12-18,2021-12-27,441
1264,51,2021-06-14,2021-10-04,442
1265,69,2021-02-28,2021-03-11,443
1266,85,2021-07-24,2021-11-29,443
1267,49,2021-09-06,2021-11-22,444
1268,20,2021-12-18,2021-12-29,444
1269,44,2021-09-11,2021-09-11,445
1270,90,2021-11-23,2021-12-04,446
1271,43,2021-01-14,2021-05-15,446
1272,86,2021-11-05,2021-11-26,447
1273,11,2021-11-30,2021-12-06,448
1274,89,2021-11-28,2021-12-22,448
1275,80,2021-11-23,2021-12-14,448
1276,47,2021-11-24,2021-12-20,449
1277,40,2021-10-11,2021-12-06,449
1278,22,2021-05-18,2021-07-27,449
1279,55,2021-03-19,2021-09-04,450
1280,75,2021-04-06,2021-11-10,450
1281,75,2021-10-25,2021-12-14,451
1282,25,2021-11-26,2021-12-09,452
1283,32,2021-10-09,2021-12-29,452
1284,67,2021-06-23,2021-10-29,452
1285,56,2021-06-07,2021-07-08,453
1286,17,2021-11-04,2021-12-30,453
1287,41,2021-05-24,2021-08-23,454
1288,11,2021-07-21,2021-09-02,454
1289,47,2021-11-27,2021-12-03,455
1290,61,2021-08-14,2021-08-24,456
1291,72,2021-08-11,2021-11-17,456
1292,33,2021-08-11,2021-10-29,457
1293,17,2021-08-31,2021-11-30,457
1294,48,2021-06-27,2021-07-08,457
1295,13,2021-05-24,2021-06-18,458
1296,46,2021-03-07,2021-03-27,458
1297,84,2021-12-10,2021-12-17,458
1298,88,2021-12-18,2021-12-18,459
1299,81,2021-08-07,2021-12-03,459
1300,59,2021-09-06,2021-10-09,459
1301,65,2021-12-01,2021-12-27,460
1302,80,2021-10-15,2021-12-18,460
1303,80,2021-12-18,2021-12-30,460
1304,17,2021-06-28,2021-08-28,461
1305,38,2021-09-12,2021-12-14,462
1306,62,2021-05-28,2021-10-17,462
1307,47,2021-07-20,2021-10-21,463
1308,60,2021-09-10,2021-12-08,463
1309,79,2021-09-04,2021-12-11,464
1310,76,2021-04-03,2021-12-24,464
1311,29,2021-12-19,2021-12-27,464
1312,11,2021-10-30,2021-11-06,465
1313,80,2021-09-27,2021-10-30,466
1314,47,2021-08-03,2021-08-10,466
1315,72,2021-12-01,2021-12-07,467
1316,20,2021-11-02,2021-12-16,468
1317,52,2021-06-02,2021-10-05,469
1318,44,2021-06-22,2021-07-09,469
1319,25,2021-06-13,2021-12-03,470
1320,41,2021-02-04,2021-10-12,470
1321,71,2021-09-03,2021-11-02,471
1322,58,2021-06-05,2021-07-31,471
1323,51,2021-07-07,2021-08-16,472
1324,32,2021-10-06,2021-11-24,472
1325,30,2021-01-29,2021-09-03,473
1326,47,2021-12-29,2021-12-29,473
1327,57,2021-10-18,2021-12-24,474
1328,29,2021-06-11,2021-10-02,474
1329,85,2021-12-26,2021-12-29,474
1330,66,2021-03-19,2021-09-19,475
1331,47,2021-01-07,2021-12-02,475
1332,82,2021-03-16,2021-04-08,476
1333,67,2021-05-28,2021-08-14,476
1334,40,2021-04-03,2021-10-17,477
1335,59,2021-06-19,2021-10-11,477
1336,26,2021-12-07,2021-12-10,477
1337,18,2021-10-15,2021-10-16,478
1338,22,2021-05-02,2021-09-10,478
1339,41,2021-04-19,2021-09-01,479
1340,18,2021-04-20,2021-08-12,479
1341,15,2021-06-27,2021-10-02,479
1342,73,2021-12-08,2021-12-17,480
1343,19,2021-09-03,2021-10-11,481
1344,25,2021-01-11,2021-05-01,481
1345,17,2021-11-09,2021-11-10,481
1346,55,2021-12-06,2021-12-26,482
1347,49,2021-09-13,2021-11-10,482
1348,87,2021-03-26,2021-05-26,482
1349,72,2021-11-06,2021-11-16,483
1350,47,2021-06-20,2021-10-16,484
1351,70,2021-12-29,2021-12-29,484
1352,50,2021-02-02,2021-06-27,484
1353,20,2021-11-13,2021-12-16,485
1354,15,2021-09-12,2021-10-26,485
1355,74,2021-02-16,2021-03-11,486
1356,47,2021-06-12,2021-10-29,486
1357,32,2021-06-07,2021-10-26,486
1358,79,2021-12-03,2021-12-08,487
1359,84,2021-10-16,2021-11-11,487
1360,56,2021-02-23,2021-11-30,488
1361,72,2021-11-07,2021-12-16,489
1362,30,2021-06-14,2021-11-05,489
1363,82,2021-06-30,2021-09-16,490
1364,17,2021-05-21,2021-12-30,490
1365,65,2021-08-24,2021-11-26,491
1366,30,2021-05-17,2021-08-17,491
1367,39,2021-02-13,2021-05-28,492
1368,69,2021-05-12,2021-09-21,493
1369,22,2021-01-27,2021-05-19,493
1370,52,2021-09-12,2021-11-20,493
1371,25,2021-04-25,2021-09-18,494
1372,23,2021-10-21,2021-12-14,494
1373,56,2021-10-24,2021-11-17,495
1374,27,2021-10-02,2021-10-05,496
1375,30,2021-02-02,2021-03-25,497
1376,53,2021-07-29,2021-12-14,497
1377,77,2021-08-27,2021-10-21,497
1378,83,2021-12-18,2021-12-29,498
1379,67,2021-11-10,2021-12-05,498
1380,29,2021-02-13,2021-04-11,499
1381,71,2021-10-14,2021-11-14,499
1382,12,2021-01-31,2021-09-10,499
1383,79,2021-05-31,2021-12-11,500
1384,57,2021-11-06,2021-11-26,501
1385,50,2021-10-21,2021-11-26,501
1386,83,2021-04-03,2021-04-25,501
1387,69,2021-10-08,2021-10-23,502
1388,60,2021-03-20,2021-09-03,502
1389,36,2021-09-22,2021-12-24,503
1390,89,2021-10-28,2021-12-06,504
1391,75,2021-03-13,2021-07-18,504
1392,15,2021-11-14,2021-12-04,505
1393,56,2021-05-04,2021-11-07,505
1394,27,2021-09-09,2021-11-29,506
1395,51,2021-08-03,2021-12-13,506
1396,85,2021-05-08,2021-08-11,507
1397,52,2021-07-09,2021-08-08,507
1398,27,2021-11-07,2021-12-30,507
1399,63,2021-01-22,2021-07-24,508
1400,77,2021-09-25,2021-12-10,509
1401,64,2021-12-30,2021-12-30,510
1402,34,2021-05-31,2021-06-28,510
1403,75,2021-02-17,2021-11-27,510
1404,75,2021-05-21,2021-12-21,511
1405,14,2021-01-30,2021-12-05,511
1406,73,2021-06-04,2021-11-22,512
1407,88,2021-02-27,2021-08-27,513
1408,86,2021-07-27,2021-08-25,514
1409,67,2021-03-16,2021-08-18,515
1410,56,2021-09-16,2021-12-14,516
1411,57,2021-09-20,2021-11-16,516
1412,15,2021-08-17,2021-11-09,516
1413,62,2021-09-16,2021-11-12,517
1414,22,2021-09-16,2021-11-29,517
1415,74,2021-11-19,2021-11-19,518
1416,38,2021-12-17,2021-12-17,518
1417,20,2021-05-10,2021-07-11,518
1418,53,2021-07-09,2021-09-28,519
1419,81,2021-11-01,2021-12-16,519
1420,48,2021-11-10,2021-12-09,520
1421,56,2021-09-09,2021-09-21,520
1422,28,2021-03-20,2021-06-05,520
1423,56,2021-01-21,2021-05-01,521
1424,22,2021-11-25,2021-12-26,521
1425,46,2021-04-20,2021-10-19,522
1426,26,2021-10-15,2021-11-12,522
1427,54,2021-05-24,2021-08-10,523
1428,48,2021-11-13,2021-11-26,523
1429,83,2021-03-24,2021-08-15,523
1430,69,2021-06-04,2021-12-18,524
1431,73,2021-07-18,2021-07-26,525
1432,82,2021-10-31,2021-11-03,526
1433,53,2021-02-04,2021-12-02,526
1434,52,2021-12-15,2021-12-19,527
1435,32,2021-11-19,2021-12-09,528
1436,15,2021-01-19,2021-03-28,528
1437,59,2021-11-05,2021-11-10,529
1438,64,2021-02-22,2021-07-09,530
1439,32,2021-12-20,2021-12-27,531
1440,26,2021-03-24,2021-11-24,531
1441,43,2021-09-11,2021-12-06,532
1442,17,2021-02-04,2021-10-05,532
1443,81,2021-04-13,2021-09-09,532
1444,16,2021-03-14,2021-08-23,533
1445,28,2021-09-06,2021-12-19,533
1446,15,2021-03-17,2021-09-24,534
1447,68,2021-12-12,2021-12-14,534
1448,83,2021-02-06,2021-11-23,535
1449,35,2021-01-21,2021-09-24,536
1450,74,2021-11-29,2021-12-30,536
1451,28,2021-01-15,2021-06-05,537
1452,47,2021-05-01,2021-05-14,537
1453,85,2021-05-10,2021-10-13,537
1454,26,2021-04-19,2021-07-05,538
1455,20,2021-05-01,2021-12-30,538
1456,88,2021-12-30,2021-12-30,538
1457,73,2021-10-19,2021-11-09,539
1458,36,2021-08-05,2021-11-18,540
1459,35,2021-06-05,2021-06-07,541
1460,74,2021-02-27,2021-12-24,541
1461,58,2021-02-23,2021-11-12,541
1462,64,2021-07-13,2021-08-14,542
1463,54,2021-06-14,2021-10-29,542
1464,44,2021-10-25,2021-12-05,542
1465,52,2021-11-10,2021-12-25,543
1466,40,2021-02-11,2021-11-04,543
1467,21,2021-05-19,2021-06-23,544
1468,62,2021-04-25,2021-05-21,544
1469,72,2021-12-10,2021-12-14,545
1470,87,2021-05-27,2021-12-07,545
1471,24,2021-02-16,2021-07-10,545
1472,41,2021-08-08,2021-12-09,546
1473,13,2021-08-05,2021-08-23,547
1474,86,2021-05-09,2021-10-24,547
1475,29,2021-09-19,2021-11-05,548
1476,15,2021-09-16,2021-09-18,548
1477,34,2021-05-14,2021-11-23,549
1478,36,2021-10-19,2021-12-26,550
1479,14,2021-02-18,2021-11-29,550
1480,11,2021-11-15,2021-11-25,551
1481,45,2021-06-25,2021-08-21,551
1482,84,2021-06-22,2021-07-09,552
1483,85,2021-09-07,2021-11-12,552
1484,86,2021-08-14,2021-10-27,553
1485,11,2021-01-20,2021-06-01,554
1486,78,2021-07-29,2021-10-16,555
1487,18,2021-11-12,2021-12-10,555
1488,17,2021-06-25,2021-07-09,556
1489,67,2021-01-24,2021-11-27,556
1490,85,2021-01-16,2021-04-21,556
1491,29,2021-10-19,2021-11-19,557
1492,50,2021-03-27,2021-08-18,557
1493,80,2021-07-07,2021-11-21,558
1494,72,2021-02-04,2021-12-11,558
1495,68,2021-02-28,2021-11-22,559
1496,61,2021-07-30,2021-11-02,560
1497,77,2021-02-25,2021-08-19,561
1498,50,2021-11-18,2021-12-27,562
1499,34,2021-07-22,2021-10-02,562
1500,38,2021-04-19,2021-09-22,563
1501,37,2021-12-11,2021-12-27,564
1502,86,2021-03-06,2021-07-15,565
1503,49,2021-10-25,2021-11-29,565
1504,72,2021-09-15,2021-12-15,566
1505,14,2021-02-01,2021-02-17,567
1506,78,2021-04-26,2021-05-07,567
1507,62,2021-08-17,2021-10-28,568
1508,56,2021-04-09,2021-05-26,569
1509,32,2021-06-05,2021-11-05,570
1510,23,2021-08-22,2021-10-28,571
1511,52,2021-06-20,2021-09-22,572
1512,88,2021-04-13,2021-06-03,573
1513,47,2021-10-17,2021-12-27,573
1514,81,2021-12-17,2021-12-26,574
1515,69,2021-07-29,2021-12-07,575
1516,55,2021-06-30,2021-07-05,576
1517,88,2021-12-18,2021-12-30,577
1518,39,2021-12-07,2021-12-26,577
1519,48,2021-11-05,2021-12-13,577
1520,26,2021-10-28,2021-11-26,578
1521,87,2021-04-03,2021-12-23,579
1522,52,2021-09-03,2021-10-29,579
1523,61,2021-09-18,2021-12-14,580
1524,48,2021-03-13,2021-10-26,581
1525,40,2021-04-22,2021-12-06,582
1526,48,2021-04-05,2021-09-17,583
1527,51,2021-01-11,2021-10-24,583
1528,54,2021-02-06,2021-12-15,584
1529,74,2021-11-18,2021-11-26,584
1530,44,2021-09-10,2021-12-29,584
1531,70,2021-03-28,2021-12-11,585
1532,40,2021-08-11,2021-10-19,585
1533,84,2021-06-12,2021-10-10,585
1534,58,2021-01-30,2021-03-26,586
1535,63,2021-04-15,2021-09-18,586
1536,61,2021-06-09,2021-10-24,587
1537,43,2021-12-08,2021-12-23,587
1538,69,2021-04-07,2021-08-03,588
1539,49,2021-06-14,2021-07-02,588
1540,76,2021-11-02,2021-12-10,588
1541,87,2021-05-06,2021-11-03,589
1542,54,2021-03-05,2021-04-29,590
1543,56,2021-09-01,2021-09-23,590
1544,15,2021-10-26,2021-11-13,590
1545,29,2021-12-18,2021-12-28,591
1546,79,2021-05-04,2021-12-07,592
1547,83,2021-10-16,2021-11-01,592
1548,82,2021-08-19,2021-09-18,593
1549,49,2021-07-21,2021-10-15,594
1550,23,2021-05-21,2021-12-23,595
1551,90,2021-04-17,2021-07-20,595
1552,59,2021-07-19,2021-07-29,595
1553,15,2021-11-16,2021-11-21,596
1554,74,2021-07-30,2021-10-01,596
1555,31,2021-11-16,2021-12-21,596
1556,25,2021-08-18,2021-09-09,597
1557,14,2021-08-09,2021-09-24,597
1558,43,2021-10-03,2021-11-25,597
1559,67,2021-05-26,2021-10-07,598
1560,79,2021-07-07,2021-11-13,599
1561,14,2021-09-16,2021-11-28,599
1562,58,2021-02-13,2021-07-12,599
1563,12,2021-06-27,2021-12-01,600
1564,12,2021-09-04,2021-11-08,600
1565,15,2021-12-21,2021-12-26,601
1566,41,2021-10-14,2021-12-08,601
1567,70,2021-05-07,2021-11-23,601
1568,88,2021-02-21,2021-05-06,602
1569,23,2021-05-19,2021-09-08,602
1570,64,2021-11-07,2021-11-30,602
1571,35,2021-01-28,2021-06-28,603
1572,60,2021-06-11,2021-11-14,603
1573,58,2021-12-04,2021-12-09,603
1574,29,2021-05-29,2021-10-21,604
1575,46,2021-04-24,2021-04-29,605
